symbol,name,address,assetType,decimals,status,trustLevel,canonical,beacon,implementation,multiplier,pendingMultiplier,multiplierEffectiveAt,tokenPaused,oraclePaused,totalSupplyRaw,feedAddress,feedPrice,feedUpdatedAt,feedStale,bid,ask,tradingHalt,priceDivergencePct,dexVenue,dexPriceUsd,dexPremiumPct,blockscoutHolders,blockscoutTransfers,supplyAgreement,firstSeenAt,verifiedAt,stateCheckedAt,logoUrl
AAOI,Applied Optoelectronics • Robinhood Token,0x521cf887e6531c6f667b5bc4d896e5d9bfe8eb2e,stock_token,18,active,verified,true,0xe10b6f6b275de231345c20d14ab812db62151b00,0xb35490d6f9163de4f80d88dc75c3516eb64c5ae2,1,1,,false,false,420011000000000000000,,,,,,,,,uniswap_v4,,,131,7516,agree,2026-09-02T14:53:22.412Z,2026-09-14T09:00:04.527Z,2026-09-14T08:58:57.405Z,
AAPL,Apple • Robinhood Token,0xaf3d76f1834a1d425780943c99ea8a608f8a93f9,stock_token,18,active,verified,true,0xe10b6f6b275de231345c20d14ab812db62151b00,0xb35490d6f9163de4f80d88dc75c3516eb64c5ae2,1.0005660800610925,1.0005660800610925,2026-08-14T15:12:46.000Z,false,false,15630918568680000000000,0x6b22a786baa607d76728168703a39ea9c99f2cd0,331.79956885,2026-09-14T08:05:26.000Z,false,,,,0.2212,uniswap_v3,331.608698080215,,77018,11016192,differ,2026-09-02T14:53:22.429Z,2026-09-14T09:00:04.780Z,2026-09-14T08:58:57.414Z,
ABCL,Abcellera Biologics • Robinhood Token,0x3139d77ace0cbaa5bdfd38bd1f1911a794af0b0e,stock_token,18,active,verified,true,0xe10b6f6b275de231345c20d14ab812db62151b00,0xb35490d6f9163de4f80d88dc75c3516eb64c5ae2,1,1,,false,false,2933448000000000000000,,,,,,,,,uniswap_v4,,,51,3191,agree,2026-09-02T14:53:22.435Z,2026-09-14T09:00:04.857Z,2026-09-14T08:58:57.359Z,
ADBE,Adobe • Robinhood Token,0x232b8ed6377be97813853b0ac104c4cda8378d1b,stock_token,18,active,verified,true,0xe10b6f6b275de231345c20d14ab812db62151b00,0xb35490d6f9163de4f80d88dc75c3516eb64c5ae2,1,1,,false,false,315129000000000000000,,,,,,,,,uniswap_v4,,,197,55170,differ,2026-09-02T14:53:22.439Z,2026-09-14T09:00:04.906Z,2026-09-14T08:58:57.526Z,
AEHR,Aehr • Robinhood Token,0x5f604fba1162193a4388a5dfa56f556f3e133cc2,stock_token,18,active,verified,true,0xe10b6f6b275de231345c20d14ab812db62151b00,0xb35490d6f9163de4f80d88dc75c3516eb64c5ae2,1,1,,false,false,186257000000000000000,,,,,,,,,uniswap_v4,,,34,533,agree,2026-09-02T14:53:22.320Z,2026-09-14T09:00:03.551Z,2026-09-14T08:58:57.546Z,
AEIS,Advanced Energy • Robinhood Token,0xfaf9cb261b5fcc1f404bb10cd39c5c6c1974e612,stock_token,18,active,verified,true,0xe10b6f6b275de231345c20d14ab812db62151b00,0xb35490d6f9163de4f80d88dc75c3516eb64c5ae2,1,1,,false,false,86664000000000000000,,,,,,,,,uniswap_v4,,,39,1255,agree,2026-09-02T14:53:22.414Z,2026-09-14T09:00:04.555Z,2026-09-14T08:58:57.482Z,
ALAB,"Astera Labs, Inc. • Robinhood Token",0x748c32c3ca24edf31ea597db1f3d330a7a6da3dc,stock_token,18,active,verified,true,0xe10b6f6b275de231345c20d14ab812db62151b00,0xb35490d6f9163de4f80d88dc75c3516eb64c5ae2,1,1,,false,false,118656000000000000000,,,,,,,,,uniswap_v4,,,48,1675,agree,2026-09-02T14:53:22.366Z,2026-09-14T09:00:04.184Z,2026-09-14T08:58:57.246Z,
AMAT,Applied Materials • Robinhood Token,0x36046893810a7e7fce501229d57dc3fc8c8716d0,stock_token,18,active,verified,true,0xe10b6f6b275de231345c20d14ab812db62151b00,0xb35490d6f9163de4f80d88dc75c3516eb64c5ae2,1.0000446563026366,1.0000446563026366,2026-09-11T15:10:30.000Z,false,false,268943000000000000000,,,,,,,,,uniswap_v4,,,2452,16071,agree,2026-09-02T14:53:22.415Z,2026-09-14T09:00:04.568Z,2026-09-14T08:58:57.407Z,
AMBA,Ambarella • Robinhood Token,0x99d9d8663545151603863c5acbd6fc3218899009,stock_token,18,active,verified,true,0xe10b6f6b275de231345c20d14ab812db62151b00,0xb35490d6f9163de4f80d88dc75c3516eb64c5ae2,1,1,,false,false,372749000000000000000,,,,,,,,,uniswap_v4,,,59,3566,agree,2026-09-02T14:53:22.391Z,2026-09-14T09:00:04.408Z,2026-09-14T08:58:57.579Z,
AMC,AMC Entertainment • Robinhood Token,0x05a3d1cd21d0c88145e82600e62e7e496e0f222b,stock_token,18,active,verified,true,0xe10b6f6b275de231345c20d14ab812db62151b00,0xb35490d6f9163de4f80d88dc75c3516eb64c5ae2,1,1,,false,false,1846420215000000000000000,,,,,,,,,uniswap_v3,,,10194,3242600,agree,2026-09-02T14:53:22.430Z,2026-09-14T09:00:04.775Z,2026-09-14T08:58:57.506Z,
AMD,AMD • Robinhood Token,0x86923f96303d656e4aa86d9d42d1e57ad2023fdc,stock_token,18,active,verified,true,0xe10b6f6b275de231345c20d14ab812db62151b00,0xb35490d6f9163de4f80d88dc75c3516eb64c5ae2,1,1,,false,false,3857926000000000000000,0x943a29e7ae51a4798823ca9eed2ed533b2a22c72,490.83625,2026-09-14T08:02:27.000Z,false,,,,0.1574,uniswap_v4,490.60561224726064,,39183,6167297,agree,2026-09-02T14:53:22.380Z,2026-09-14T09:00:04.348Z,2026-09-14T08:58:57.464Z,
AMKR,Amkor Technology • Robinhood Token,0xdd356aa38f40a7b7076755ac854b6fbb1f0d305b,stock_token,18,active,verified,true,0xe10b6f6b275de231345c20d14ab812db62151b00,0xb35490d6f9163de4f80d88dc75c3516eb64c5ae2,1,1,,false,false,455637000000000000000,,,,,,,,,uniswap_v4,,,37,804,agree,2026-09-02T14:53:22.451Z,2026-09-14T09:00:05.071Z,2026-09-14T08:58:57.611Z,
AMZN,Amazon • Robinhood Token,0x12f190a9f9d7d37a250758b26824b97ce941bf54,stock_token,18,active,verified,true,0xe10b6f6b275de231345c20d14ab812db62151b00,0xb35490d6f9163de4f80d88dc75c3516eb64c5ae2,1,1,,false,false,12436123000000000000000,0xd5a1508ced74c084ebf3cbe853e2c968fb2a651c,254.1,2026-09-14T00:00:38.000Z,false,,,,0.2941,uniswap_v4,,,50864,7493405,agree,2026-09-02T14:53:22.353Z,2026-09-14T09:00:03.977Z,2026-09-14T08:58:57.422Z,
ANET,Arista • Robinhood Token,0x28babd556b60e53663b8615036479a29c2cdd1bf,stock_token,18,active,verified,true,0xe10b6f6b275de231345c20d14ab812db62151b00,0xb35490d6f9163de4f80d88dc75c3516eb64c5ae2,1,1,,false,false,147413000000000000000,,,,,,,,,uniswap_v4,,,38,769,agree,2026-09-02T14:53:22.419Z,2026-09-14T09:00:04.612Z,2026-09-14T08:58:57.493Z,
APLD,Applied Digital • Robinhood Token,0xb8dbf92f9741c9ac1c32115e78581f23509916fd,stock_token,18,active,verified,true,0xe10b6f6b275de231345c20d14ab812db62151b00,0xb35490d6f9163de4f80d88dc75c3516eb64c5ae2,1,1,,false,false,1057237000000000000000,,,,,,,,,uniswap_v4,,,122,6025,agree,2026-09-02T14:53:22.319Z,2026-09-14T09:00:03.507Z,2026-09-14T08:58:57.378Z,
APP,AppLovin • Robinhood Token,0xa249baf1063af884807c1e1400aef7784836917e,stock_token,18,active,verified,true,0xe10b6f6b275de231345c20d14ab812db62151b00,0xb35490d6f9163de4f80d88dc75c3516eb64c5ae2,1,1,,false,false,122395000000000000000,,,,,,,,,uniswap_v4,,,80,3995,agree,2026-09-02T14:53:22.412Z,2026-09-14T09:00:04.531Z,2026-09-14T08:58:57.587Z,
ASML,ASML Holding NV • Robinhood Token,0x47f93d52cbec7c6d2cfc080e154002370a60daea,stock_token,18,active,verified,true,0xe10b6f6b275de231345c20d14ab812db62151b00,0xb35490d6f9163de4f80d88dc75c3516eb64c5ae2,1.0001013232514178,1.0001013232514178,2026-08-06T15:10:25.000Z,false,false,131086057960000000000,0xb4106147e8cce40b7d46124090d373a71b70f87d,1618.64198945,2026-09-14T08:29:34.000Z,false,,,,0.153,uniswap_v4,1632.252442315787,,2273,99482,agree,2026-09-02T14:53:22.452Z,2026-09-14T09:00:05.106Z,2026-09-14T08:58:57.277Z,
ASTS,AST SpaceMobile • Robinhood Token,0x1af6446f07eb1d97c546afc8c9544cbdf3ad5137,stock_token,18,active,verified,true,0xe10b6f6b275de231345c20d14ab812db62151b00,0xb35490d6f9163de4f80d88dc75c3516eb64c5ae2,1,1,,false,false,1193285000000000000000,,,,,,,,,uniswap_v4,,,153,20599,agree,2026-09-02T14:53:22.375Z,2026-09-14T09:00:04.279Z,2026-09-14T08:58:57.574Z,
AUR,Aurora Innovation • Robinhood Token,0x373c06c4f7bde527d7dae4ba169e42b55e393ced,stock_token,18,active,verified,true,0xe10b6f6b275de231345c20d14ab812db62151b00,0xb35490d6f9163de4f80d88dc75c3516eb64c5ae2,1,1,,false,false,5413675000000000000000,,,,,,,,,uniswap_v4,,,43,4190,agree,2026-09-02T14:53:22.426Z,2026-09-14T09:00:04.733Z,2026-09-14T08:58:57.503Z,
AVAV,AeroVironment • Robinhood Token,0xf6290b5e7c26502e2da514c31509849718ea76a5,stock_token,18,active,verified,true,0xe10b6f6b275de231345c20d14ab812db62151b00,0xb35490d6f9163de4f80d88dc75c3516eb64c5ae2,1,1,,false,false,184438000000000000000,,,,,,,,,uniswap_v4,,,41,1041,agree,2026-09-02T14:53:22.454Z,2026-09-14T09:00:05.114Z,2026-09-14T08:58:57.615Z,
AVGO,Broadcom • Robinhood Token,0x156e175dd063a8ce274c50654ef40e0032b3fbcf,stock_token,18,active,verified,true,0xe10b6f6b275de231345c20d14ab812db62151b00,0xb35490d6f9163de4f80d88dc75c3516eb64c5ae2,1,1,,false,false,585953000000000000000,,,,,,,,,uniswap_v4,,,2737,19650,agree,2026-09-02T14:53:22.330Z,2026-09-14T09:00:03.684Z,2026-09-14T08:58:57.275Z,
AXON,Axon • Robinhood Token,0xc27dbd474af5181c5a8777903690d8d262d12648,stock_token,18,active,verified,true,0xe10b6f6b275de231345c20d14ab812db62151b00,0xb35490d6f9163de4f80d88dc75c3516eb64c5ae2,1,1,,false,false,40597000000000000000,,,,,,,,,uniswap_v4,,,48,740,agree,2026-09-02T14:53:22.436Z,2026-09-14T09:00:04.868Z,2026-09-14T08:58:57.597Z,
AXTI,AXT • Robinhood Token,0x141eea040c2250eec0314e336975e81f85f6585e,stock_token,18,active,verified,true,0xe10b6f6b275de231345c20d14ab812db62151b00,0xb35490d6f9163de4f80d88dc75c3516eb64c5ae2,1,1,,false,false,358920000000000000000,,,,,,,,,uniswap_v4,,,32,426,agree,2026-09-02T14:53:22.359Z,2026-09-14T09:00:04.079Z,2026-09-14T08:58:57.437Z,
BA,Boeing • Robinhood Token,0x4d21483a44bf67a86b77e3da301411880797d452,stock_token,18,active,verified,true,0xe10b6f6b275de231345c20d14ab812db62151b00,0xb35490d6f9163de4f80d88dc75c3516eb64c5ae2,1,1,,false,false,893478000000000000000,,,,,,,,,uniswap_v4,204.93392061408431,,1458,249248,agree,2026-09-02T14:53:22.351Z,2026-09-14T09:00:03.953Z,2026-09-14T08:58:57.393Z,
BABA,Alibaba • Robinhood Token,0xad25ac6c84d497db898fa1e8387bf6af3532a1c4,stock_token,18,active,verified,true,0xe10b6f6b275de231345c20d14ab812db62151b00,0xb35490d6f9163de4f80d88dc75c3516eb64c5ae2,1,1,,false,false,6507029000000000000000,0x62cc8f9b5f56a33c9c8a60c8b92779f523c4e984,108.205,2026-09-14T02:26:48.000Z,false,,,,0.3385,uniswap_v4,108.24427321633804,,4168,381439,agree,2026-09-02T14:53:22.370Z,2026-09-14T09:00:04.221Z,2026-09-14T08:58:57.355Z,
BB,Blackberry • Robinhood Token,0x48e39e56acdba37b09020c0b734a613c9a2f100a,stock_token,18,active,verified,true,0xe10b6f6b275de231345c20d14ab812db62151b00,0xb35490d6f9163de4f80d88dc75c3516eb64c5ae2,1,1,,false,false,83115115000000000000000,,,,,,,,,uniswap_v4,,,4714,393217,agree,2026-09-02T14:53:22.358Z,2026-09-14T09:00:04.076Z,2026-09-14T08:58:57.352Z,
BE,Bloom Energy • Robinhood Token,0x822cc93ffd030293e9842c30bbd678f530701867,stock_token,18,active,verified,true,0xe10b6f6b275de231345c20d14ab812db62151b00,0xb35490d6f9163de4f80d88dc75c3516eb64c5ae2,1,1,,false,false,3140075000000000000000,,,,,,,,,uniswap_v4,255.63734056851627,,16906,4541180,agree,2026-09-02T14:53:22.442Z,2026-09-14T09:00:04.942Z,2026-09-14T08:58:57.519Z,
BND,Vanguard Total Bond Market ETF • Robinhood Token,0x2f62fc9fabb470c690f141c28340ed832bb27020,stock_token,18,active,verified,true,0xe10b6f6b275de231345c20d14ab812db62151b00,0xb35490d6f9163de4f80d88dc75c3516eb64c5ae2,1,1,,false,false,0,,,,,,,,,,,,,,unknown,2026-09-02T14:53:22.365Z,2026-09-14T09:00:04.173Z,2026-09-14T08:58:57.449Z,
BULL,Webull • Robinhood Token,0xcef9027c7d6985b85f0ba431125073529a947a68,stock_token,18,active,verified,true,0xe10b6f6b275de231345c20d14ab812db62151b00,0xb35490d6f9163de4f80d88dc75c3516eb64c5ae2,1,1,,false,false,41674610000000000000000,,,,,,,,,uniswap_v4,,,2057,219193,agree,2026-09-02T14:53:22.368Z,2026-09-14T09:00:04.202Z,2026-09-14T08:58:57.452Z,
cbBTC,Coinbase Wrapped BTC,0xd3fcec4e6c6bf5d7369a912dd52ab810f9b266d1,bridged,8,active,verified,,,,,,,,,1,0x0009cd492adf8167f9eebf1293556a673530a21a,77579.67557033,2026-09-14T02:26:45.000Z,false,,,,,,,,1,8,agree,2026-09-04T12:28:02.046Z,2026-09-14T04:20:44.950Z,2026-09-14T08:58:57.261Z,
CBRS,Cerebras Systems • Robinhood Token,0x5c90450bbb4273d7b2f17cf6917aeb237a569679,stock_token,18,active,verified,true,0xe10b6f6b275de231345c20d14ab812db62151b00,0xb35490d6f9163de4f80d88dc75c3516eb64c5ae2,1,1,,false,false,698547000000000000000,,,,,,,,,uniswap_v4,,,70,910,agree,2026-09-02T14:53:22.338Z,2026-09-14T09:00:03.804Z,2026-09-14T08:58:57.346Z,
CCL,Carnival Corporation • Robinhood Token,0x9651342cea770ae9a2969ba2a52611523146aef9,stock_token,18,active,verified,true,0xe10b6f6b275de231345c20d14ab812db62151b00,0xb35490d6f9163de4f80d88dc75c3516eb64c5ae2,1.0214864448552063,1.0214864448552063,2026-08-31T15:10:26.000Z,false,false,2804226130130000000000,,,,,,,,,uniswap_v4,,,117,36350,agree,2026-09-02T14:53:22.331Z,2026-09-14T09:00:03.723Z,2026-09-14T08:58:57.329Z,
CEG,Constellation Energy • Robinhood Token,0xae517a2903e68bd929dfd15be875f8369d53e94a,stock_token,18,active,verified,true,0xe10b6f6b275de231345c20d14ab812db62151b00,0xb35490d6f9163de4f80d88dc75c3516eb64c5ae2,1,1,,false,false,270818000000000000000,,,,,,,,,uniswap_v4,287.8308871539277,,131,16017,agree,2026-09-02T14:53:22.366Z,2026-09-14T09:00:04.180Z,2026-09-14T08:58:57.450Z,
CELH,Celsius • Robinhood Token,0x8cf07c5a878945185d327aaa6e33faa95f95e7bf,stock_token,18,active,verified,true,0xe10b6f6b275de231345c20d14ab812db62151b00,0xb35490d6f9163de4f80d88dc75c3516eb64c5ae2,1,1,,false,false,1130325000000000000000,,,,,,,,,uniswap_v4,,,74,16014,agree,2026-09-02T14:53:22.449Z,2026-09-14T09:00:05.056Z,2026-09-14T08:58:57.287Z,
CIEN,Ciena • Robinhood Token,0x44f6d488021f8233b9416294d1fe9b1fee28382d,stock_token,18,active,verified,true,0xe10b6f6b275de231345c20d14ab812db62151b00,0xb35490d6f9163de4f80d88dc75c3516eb64c5ae2,1,1,,false,false,52960000000000000000,,,,,,,,,uniswap_v4,,,42,904,agree,2026-09-02T14:53:22.317Z,2026-09-14T09:00:03.510Z,2026-09-14T08:58:57.542Z,
CLOV,Clover Health Investments • Robinhood Token,0x62200915e7deab1ec7f79fb246dadbb80eacddd0,stock_token,18,active,verified,true,0xe10b6f6b275de231345c20d14ab812db62151b00,0xb35490d6f9163de4f80d88dc75c3516eb64c5ae2,1,1,,false,false,5314874000000000000000,,,,,,,,,uniswap_v4,,,243,4803,agree,2026-09-02T14:53:22.369Z,2026-09-14T09:00:04.222Z,2026-09-14T08:58:57.253Z,
CLS,Celestica • Robinhood Token,0xbf449977089c718c004a66c554b26b94ef3ad4de,stock_token,18,active,verified,true,0xe10b6f6b275de231345c20d14ab812db62151b00,0xb35490d6f9163de4f80d88dc75c3516eb64c5ae2,1,1,,false,false,81695000000000000000,,,,,,,,,uniswap_v4,,,39,609,agree,2026-09-02T14:53:22.379Z,2026-09-14T09:00:04.327Z,2026-09-14T08:58:57.466Z,
CLSK,CleanSpark • Robinhood Token,0xcbb95bbf36099d34da091dc6fa6f49efa257cee3,stock_token,18,active,verified,true,0xe10b6f6b275de231345c20d14ab812db62151b00,0xb35490d6f9163de4f80d88dc75c3516eb64c5ae2,1,1,,false,false,2301704000000000000000,0x810c12d3a554bc47fd39597fe3b3aac4941f50ef,12.9685,2026-09-14T08:58:03.000Z,false,,,,0.4921,uniswap_v4,,,79,1986,agree,2026-09-02T14:53:22.373Z,2026-09-14T09:00:04.260Z,2026-09-14T08:58:57.458Z,
COHR,Coherent • Robinhood Token,0x92f9f459f1a9a5ad266b182be7bffd1c6c666894,stock_token,18,active,verified,true,0xe10b6f6b275de231345c20d14ab812db62151b00,0xb35490d6f9163de4f80d88dc75c3516eb64c5ae2,1,1,,false,false,97794000000000000000,,,,,,,,,uniswap_v4,,,42,1097,agree,2026-09-02T14:53:22.425Z,2026-09-14T09:00:04.753Z,2026-09-14T08:58:57.500Z,
COIN,Coinbase • Robinhood Token,0x6330d8c3178a418788df01a47479c0ce7ccf450b,stock_token,18,active,verified,true,0xe10b6f6b275de231345c20d14ab812db62151b00,0xb35490d6f9163de4f80d88dc75c3516eb64c5ae2,1,1,,false,false,12966770000000000000000,0xa3a468a452940b7d6b69991207b508c609a98ef2,175.485,2026-09-14T08:05:12.000Z,false,,,,-0.2756,uniswap_v4,,,28727,5676311,agree,2026-09-02T14:53:22.401Z,2026-09-14T09:00:04.466Z,2026-09-14T08:58:57.474Z,
COST,Costco • Robinhood Token,0x4ea005168d7f09a7a0ba9d1def21a479950e44c2,stock_token,18,active,verified,true,0xe10b6f6b275de231345c20d14ab812db62151b00,0xb35490d6f9163de4f80d88dc75c3516eb64c5ae2,1.0006120402962597,1.0006120402962597,2026-08-10T15:10:24.000Z,false,false,1631603972950000000000,,,,,,,,,uniswap_v4,908.2023444639377,,15696,1478704,agree,2026-09-02T14:53:22.447Z,2026-09-14T09:00:05.026Z,2026-09-14T08:58:57.417Z,
CRCL,Circle Internet Group • Robinhood Token,0xdf0992e440dd0be65bd8439b609d6d4366bf1cb5,stock_token,18,active,verified,true,0xe10b6f6b275de231345c20d14ab812db62151b00,0xb35490d6f9163de4f80d88dc75c3516eb64c5ae2,1,1,,false,false,54438156000000000000000,0x6652edf64ba3731c4f2d3ce821a0fb1f1f6b482a,91.3575,2026-09-14T08:05:20.000Z,false,,,,0.1617,uniswap_v3,92.0833963697236,,11254,696959,agree,2026-09-02T14:53:22.354Z,2026-09-14T09:00:03.989Z,2026-09-14T08:58:57.428Z,
CRDO,Credo Technology Group • Robinhood Token,0x4d67253bc223e6b0e104f1084c1fb2b669ddc41b,stock_token,18,active,verified,true,0xe10b6f6b275de231345c20d14ab812db62151b00,0xb35490d6f9163de4f80d88dc75c3516eb64c5ae2,1,1,,false,false,243539000000000000000,,,,,,,,,uniswap_v4,,,41,671,agree,2026-09-02T14:53:22.385Z,2026-09-14T09:00:04.372Z,2026-09-14T08:58:57.484Z,
CRM,Salesforce • Robinhood Token,0xd95b44124e475743a7589e68f3d74008a5536d44,stock_token,18,active,verified,true,0xe10b6f6b275de231345c20d14ab812db62151b00,0xb35490d6f9163de4f80d88dc75c3516eb64c5ae2,1,1,,false,false,195927000000000000000,,,,,,,,,uniswap_v4,,,92,10651,agree,2026-09-02T14:53:22.315Z,2026-09-14T09:00:03.509Z,2026-09-14T08:58:57.544Z,
CRWD,CrowdStrike Holdings • Robinhood Token,0xea72ecca2d0f6bfa1394dbbcff85b52cd4233931,stock_token,18,active,verified,true,0xe10b6f6b275de231345c20d14ab812db62151b00,0xb35490d6f9163de4f80d88dc75c3516eb64c5ae2,4,4,2026-07-02T13:30:00.000Z,false,false,41471250000000000000,,,,,,,,,uniswap_v4,,,131,5774,agree,2026-09-02T14:53:22.329Z,2026-09-14T09:00:03.682Z,2026-09-14T08:58:57.328Z,
CRWV,CoreWeave • Robinhood Token,0x5f10a1c971b69e47e059e1dc91901b59b3fb49c3,stock_token,18,active,verified,true,0xe10b6f6b275de231345c20d14ab812db62151b00,0xb35490d6f9163de4f80d88dc75c3516eb64c5ae2,1,1,,false,false,6623888000000000000000,0xe1b3aabcafad1c94708dc1367dcff8aa4407487c,83.55385,2026-09-14T08:16:09.000Z,false,,,,0.0345,uniswap_v4,,,19581,4341847,agree,2026-09-02T14:53:22.378Z,2026-09-14T09:00:04.317Z,2026-09-14T08:58:57.465Z,
CSCO,Cisco Systems • Robinhood Token,0xf543967eebb6f1917992ef0e68de63ab07a5a0da,stock_token,18,active,verified,true,0xe10b6f6b275de231345c20d14ab812db62151b00,0xb35490d6f9163de4f80d88dc75c3516eb64c5ae2,1,1,,false,false,369494000000000000000,,,,,,,,,uniswap_v4,,,102,6682,agree,2026-09-02T14:53:22.356Z,2026-09-14T09:00:04.035Z,2026-09-14T08:58:57.435Z,
CTSH,Cognizant • Robinhood Token,0x63d5a3b6939a33f1e75d8bcd85759858239600db,stock_token,18,active,verified,true,0xe10b6f6b275de231345c20d14ab812db62151b00,0xb35490d6f9163de4f80d88dc75c3516eb64c5ae2,1,1,,false,false,356138000000000000000,,,,,,,,,uniswap_v4,,,34,502,agree,2026-09-02T14:53:22.420Z,2026-09-14T09:00:04.637Z,2026-09-14T08:58:57.490Z,
CVNA,Carvana • Robinhood Token,0xa4f319104089fe321dc8093c6e707d4fe190a988,stock_token,18,active,verified,true,0xe10b6f6b275de231345c20d14ab812db62151b00,0xb35490d6f9163de4f80d88dc75c3516eb64c5ae2,1,1,,false,false,1916860000000000000000,,,,,,,,,uniswap_v4,,,89,14872,agree,2026-09-02T14:53:22.358Z,2026-09-14T09:00:04.074Z,2026-09-14T08:58:57.566Z,
DDOG,Datadog • Robinhood Token,0x27c99fbde9d0d2aa4f4bfb4943f237843ddf6958,stock_token,18,active,verified,true,0xe10b6f6b275de231345c20d14ab812db62151b00,0xb35490d6f9163de4f80d88dc75c3516eb64c5ae2,1,1,,false,false,625144000000000000000,,,,,,,,,uniswap_v4,,,252,33227,agree,2026-09-02T14:53:22.441Z,2026-09-14T09:00:04.929Z,2026-09-14T08:58:57.504Z,
DELL,Dell • Robinhood Token,0x941ae714ec6d8130c7b75d67160ca08f1e7d11dd,stock_token,18,active,verified,true,0xe10b6f6b275de231345c20d14ab812db62151b00,0xb35490d6f9163de4f80d88dc75c3516eb64c5ae2,1.0000637086201245,1.0000637086201245,2026-08-03T15:10:23.000Z,false,false,878161273530000000000,0x1c6c8cadbe02e19129c39ddb92281ce4c0bf206b,547.55843196,2026-09-14T08:16:54.000Z,false,,,,-0.4276,uniswap_v4,553.7313644569361,,5161,290797,agree,2026-09-02T14:53:22.325Z,2026-09-14T09:00:03.627Z,2026-09-14T08:58:57.338Z,
DJT,Trump Media & Technology Group • Robinhood Token,0x1d11f0496982706c5e14a514d4e79f2e6bde4516,stock_token,18,active,verified,true,0xe10b6f6b275de231345c20d14ab812db62151b00,0xb35490d6f9163de4f80d88dc75c3516eb64c5ae2,1,1,,false,false,288480102000000000000000,,,,,,,,,uniswap_v3,8.62592793158375,,31963,3503206,agree,2026-09-02T14:53:22.442Z,2026-09-14T09:00:04.943Z,2026-09-14T08:58:57.288Z,
DOCN,DigitalOcean • Robinhood Token,0xc02f12b9fe9e707079ec0d546f3050d3f6c1f8bd,stock_token,18,active,verified,true,0xe10b6f6b275de231345c20d14ab812db62151b00,0xb35490d6f9163de4f80d88dc75c3516eb64c5ae2,1,1,,false,false,228140000000000000000,,,,,,,,,uniswap_v4,,,36,1413,agree,2026-09-02T14:53:22.446Z,2026-09-14T09:00:05.015Z,2026-09-14T08:58:57.237Z,
ELF,e.l.f. Beauty • Robinhood Token,0x39ec44bee4f6a116c6f9b8de566848a985c53c60,stock_token,18,active,verified,true,0xe10b6f6b275de231345c20d14ab812db62151b00,0xb35490d6f9163de4f80d88dc75c3516eb64c5ae2,1,1,,false,false,520608000000000000000,,,,,,,,,uniswap_v4,,,122,13506,agree,2026-09-02T14:53:22.352Z,2026-09-14T09:00:03.976Z,2026-09-14T08:58:57.419Z,
EURC,Euro Coin,0x697532723b423d38a6769ba2f804aec3faaf740b,bridged,6,active,verified,,,,,,,,,2068819,0xff2b10c1973ed10c841434f98e456d8f3a0d7dd8,1.15898589,2026-09-13T14:37:42.000Z,false,,,,,,,,1,1,agree,2026-09-04T12:28:02.052Z,2026-09-14T04:20:44.953Z,2026-09-14T08:58:57.242Z,
EWT,iShares MSCI Taiwan Capped ETF • Robinhood Token,0x1c690498150252222c275a5ced69d3a6b1f52d5e,stock_token,18,active,verified,true,0xe10b6f6b275de231345c20d14ab812db62151b00,0xb35490d6f9163de4f80d88dc75c3516eb64c5ae2,1,1,,false,false,242582000000000000000,,,,,,,,,uniswap_v4,,,39,1023,agree,2026-09-02T14:53:22.437Z,2026-09-14T09:00:04.894Z,2026-09-14T08:58:57.521Z,
EWY,iShares MSCI South Korea fund • Robinhood Token,0x7f0abef0c07280f82c6a08ead09ded6bae2c13fc,stock_token,18,active,verified,true,0xe10b6f6b275de231345c20d14ab812db62151b00,0xb35490d6f9163de4f80d88dc75c3516eb64c5ae2,1,1,,false,false,1160105000000000000000,0xefdf54610b62a7753ec30bdc380847c12d32e1d1,180.9375,2026-09-14T08:03:20.000Z,false,,,,-0.1421,uniswap_v4,,,288,124407,agree,2026-09-02T14:53:22.381Z,2026-09-14T09:00:04.347Z,2026-09-14T08:58:57.468Z,
F,Ford Motor • Robinhood Token,0x25c288e6d899b9bc30160965ad9644c67e73be0c,stock_token,18,active,verified,true,0xe10b6f6b275de231345c20d14ab812db62151b00,0xb35490d6f9163de4f80d88dc75c3516eb64c5ae2,1.0001455028661341,1.0001455028661341,2026-09-02T15:10:26.000Z,false,false,12838558522900000000000,,,,,,,,,uniswap_v4,14.098454394363012,,1362,144254,agree,2026-09-02T14:53:22.397Z,2026-09-14T09:00:04.455Z,2026-09-14T08:58:57.401Z,
FICO,Fair Isaac • Robinhood Token,0xa48f22a46c0f1c46ca7d111cb6c137c271987180,stock_token,18,active,verified,true,0xe10b6f6b275de231345c20d14ab812db62151b00,0xb35490d6f9163de4f80d88dc75c3516eb64c5ae2,1,1,,false,false,30219000000000000000,,,,,,,,,uniswap_v4,,,36,884,agree,2026-09-02T14:53:22.333Z,2026-09-14T09:00:03.738Z,2026-09-14T08:58:57.333Z,
FIG,Figma • Robinhood Token,0x41f4267525a8aff329540ef24fd83d9044758b33,stock_token,18,active,verified,true,0xe10b6f6b275de231345c20d14ab812db62151b00,0xb35490d6f9163de4f80d88dc75c3516eb64c5ae2,1,1,,false,false,14974947000000000000000,,,,,,,,,uniswap_v4,,,1334,232535,agree,2026-09-02T14:53:22.379Z,2026-09-14T09:00:04.333Z,2026-09-14T08:58:57.362Z,
FISV,Fiserv • Robinhood Token,0x9ece29a4a2397c0a35fb5fa8ee2b9509130a98cc,stock_token,18,active,verified,true,0xe10b6f6b275de231345c20d14ab812db62151b00,0xb35490d6f9163de4f80d88dc75c3516eb64c5ae2,1,1,,false,false,501210000000000000000,,,,,,,,,uniswap_v4,,,38,1305,agree,2026-09-02T14:53:22.357Z,2026-09-14T09:00:04.031Z,2026-09-14T08:58:57.429Z,
FIX,Comfort Systems • Robinhood Token,0x93dbb1d2dc5d63f4abacff30485273f538df68ac,stock_token,18,active,verified,true,0xe10b6f6b275de231345c20d14ab812db62151b00,0xb35490d6f9163de4f80d88dc75c3516eb64c5ae2,1,1,,false,false,26014000000000000000,,,,,,,,,uniswap_v4,,,85,19204,agree,2026-09-02T14:53:22.323Z,2026-09-14T09:00:03.607Z,2026-09-14T08:58:57.380Z,
FLNC,Fluence Energy • Robinhood Token,0x282e87451e10fa6679bc7d76c69be44cd3fc777c,stock_token,18,active,verified,true,0xe10b6f6b275de231345c20d14ab812db62151b00,0xb35490d6f9163de4f80d88dc75c3516eb64c5ae2,1,1,,false,false,3087760000000000000000,,,,,,,,,uniswap_v4,,,75,4686,agree,2026-09-02T14:53:22.444Z,2026-09-14T09:00:04.974Z,2026-09-14T08:58:57.605Z,
FLY,Firefly Aerospace Inc. • Robinhood Token,0x03bc731ffb162cdd7b98d3c6542bfc291126075d,stock_token,18,active,verified,true,0xe10b6f6b275de231345c20d14ab812db62151b00,0xb35490d6f9163de4f80d88dc75c3516eb64c5ae2,1,1,,false,false,2930746000000000000000,,,,,,,,,uniswap_v4,,,132,21067,agree,2026-09-02T14:53:22.350Z,2026-09-14T09:00:03.942Z,2026-09-14T08:58:57.370Z,
FTNT,Fortinet • Robinhood Token,0x3fb8976980d486084b2eb4a404bd12e72823958f,stock_token,18,active,verified,true,0xe10b6f6b275de231345c20d14ab812db62151b00,0xb35490d6f9163de4f80d88dc75c3516eb64c5ae2,1,1,,false,false,179749000000000000000,,,,,,,,,uniswap_v4,,,57,3334,agree,2026-09-02T14:53:22.438Z,2026-09-14T09:00:04.891Z,2026-09-14T08:58:57.598Z,
FUTU,Futu Holdings • Robinhood Token,0xeb30663bdff0622ef4e4e5cbb4e975f19f33f51d,stock_token,18,active,verified,true,0xe10b6f6b275de231345c20d14ab812db62151b00,0xb35490d6f9163de4f80d88dc75c3516eb64c5ae2,1,1,,false,false,468410000000000000000,,,,,,,,,uniswap_v4,,,179,12118,agree,2026-09-02T14:53:22.339Z,2026-09-14T09:00:03.813Z,2026-09-14T08:58:57.349Z,
GE,General Electric • Robinhood Token,0x63b814ddbd6bf339f25fed8c36158a008d5b373e,stock_token,18,active,verified,true,0xe10b6f6b275de231345c20d14ab812db62151b00,0xb35490d6f9163de4f80d88dc75c3516eb64c5ae2,1,1,,false,false,259956000000000000000,,,,,,,,,uniswap_v4,,,128,34524,agree,2026-09-02T14:53:22.336Z,2026-09-14T09:00:03.773Z,2026-09-14T08:58:57.321Z,
GEV,GE Vernova • Robinhood Token,0x94b8aae43a1ccc08aa64b7d1f29b4d920af4a0c9,stock_token,18,active,verified,true,0xe10b6f6b275de231345c20d14ab812db62151b00,0xb35490d6f9163de4f80d88dc75c3516eb64c5ae2,1,1,,false,false,21495000000000000000,,,,,,,,,uniswap_v4,,,35,621,agree,2026-09-02T14:53:22.426Z,2026-09-14T09:00:04.730Z,2026-09-14T08:58:57.594Z,
GLD,SPDR Gold Trust • Robinhood Token,0xc9a981fee1f9dec688bb123ccdecc63d0debfc4e,stock_token,18,active,verified,true,0xe10b6f6b275de231345c20d14ab812db62151b00,0xb35490d6f9163de4f80d88dc75c3516eb64c5ae2,1,1,,false,false,23256638000000000000000,,,,,,,,,uniswap_v3,,,30695,3303931,agree,2026-09-02T14:53:22.332Z,2026-09-14T09:00:03.728Z,2026-09-14T08:58:57.343Z,
GLW,Corning • Robinhood Token,0x7c04e6a3368f2a1de3874f0e80d2e0a1a9915da6,stock_token,18,active,verified,true,0xe10b6f6b275de231345c20d14ab812db62151b00,0xb35490d6f9163de4f80d88dc75c3516eb64c5ae2,1,1,,false,false,139198000000000000000,,,,,,,,,uniswap_v4,,,78,1081,agree,2026-09-02T14:53:22.347Z,2026-09-14T09:00:03.891Z,2026-09-14T08:58:57.364Z,
GLXY,Galaxy Digital Inc. • Robinhood Token,0x2d427692e928fa156ec22acfabafa0447c5805b7,stock_token,18,active,verified,true,0xe10b6f6b275de231345c20d14ab812db62151b00,0xb35490d6f9163de4f80d88dc75c3516eb64c5ae2,1,1,,false,false,12754910000000000000000,,,,,,,,,uniswap_v4,,,297,96334,agree,2026-09-02T14:53:22.328Z,2026-09-14T09:00:03.677Z,2026-09-14T08:58:57.547Z,
GME,GameStop • Robinhood Token,0x1b0e319c6a659f002271b69db8a7df2f911c153e,stock_token,18,active,verified,true,0xe10b6f6b275de231345c20d14ab812db62151b00,0xb35490d6f9163de4f80d88dc75c3516eb64c5ae2,1,1,,false,false,170532958000000000000000,0x27c71df6a64fb476468edf256cf72c038bab5b67,21.045,2026-09-14T00:21:36.000Z,false,,,,0.3816,uniswap_v3,,,52756,7743539,agree,2026-09-02T14:53:22.431Z,2026-09-14T09:00:04.790Z,2026-09-14T08:58:57.595Z,
GOOGL,Alphabet Class A • Robinhood Token,0x2e0847e8910a9732eb3fb1bb4b70a580adad4fe3,stock_token,18,active,verified,true,0xe10b6f6b275de231345c20d14ab812db62151b00,0xb35490d6f9163de4f80d88dc75c3516eb64c5ae2,1,1,,false,false,16887654000000000000000,0xf6f373a037c30f0e5010d854385ca89185ae638b,335.235,2026-09-14T00:27:43.000Z,false,,,,-0.2054,uniswap_v4,336.5470655035825,,63182,8869791,agree,2026-09-02T14:53:22.357Z,2026-09-14T09:00:04.042Z,2026-09-14T08:58:57.439Z,
HII,Huntington Ingalls • Robinhood Token,0xeb61c0ed490a367d4e3631ccf8a74b3bfc7e775d,stock_token,18,active,verified,true,0xe10b6f6b275de231345c20d14ab812db62151b00,0xb35490d6f9163de4f80d88dc75c3516eb64c5ae2,1,1,,false,false,130228000000000000000,,,,,,,,,uniswap_v4,,,50,4207,agree,2026-09-02T14:53:22.453Z,2026-09-14T09:00:05.108Z,2026-09-14T08:58:57.613Z,
HIMS,Hims & Hers Health • Robinhood Token,0xccee82fe024c36fa15e1005ede3e9e4787e23d09,stock_token,18,active,verified,true,0xe10b6f6b275de231345c20d14ab812db62151b00,0xb35490d6f9163de4f80d88dc75c3516eb64c5ae2,1,1,,false,false,139695175000000000000000,,,,,,,,,uniswap_v3,27.002460627291068,,8414,1283987,agree,2026-09-02T14:53:22.448Z,2026-09-14T09:00:05.055Z,2026-09-14T08:58:57.529Z,
HPE,HP Enterprise • Robinhood Token,0x59dd09d4900c2e4b5f75b7c0d4e6796fcc234cb1,stock_token,18,active,verified,true,0xe10b6f6b275de231345c20d14ab812db62151b00,0xb35490d6f9163de4f80d88dc75c3516eb64c5ae2,1,1,,false,false,1180801000000000000000,,,,,,,,,uniswap_v4,,,410,52777,agree,2026-09-02T14:53:22.438Z,2026-09-14T09:00:04.896Z,2026-09-14T08:58:57.491Z,
HWM,Howmet Aerospace • Robinhood Token,0xaea445c5f3db1a462998ccc422a875a361ee5d99,stock_token,18,active,verified,true,0xe10b6f6b275de231345c20d14ab812db62151b00,0xb35490d6f9163de4f80d88dc75c3516eb64c5ae2,1,1,,false,false,108656000000000000000,,,,,,,,,uniswap_v4,,,54,8679,agree,2026-09-02T14:53:22.448Z,2026-09-14T09:00:05.018Z,2026-09-14T08:58:57.531Z,
IBM,IBM • Robinhood Token,0x980dcf6766fa79f5cf0c4aadb3ab477ff15a9619,stock_token,18,active,verified,true,0xe10b6f6b275de231345c20d14ab812db62151b00,0xb35490d6f9163de4f80d88dc75c3516eb64c5ae2,1,1,,false,false,2402972000000000000000,,,,,,,,,uniswap_v4,,,2735,503398,agree,2026-09-02T14:53:22.427Z,2026-09-14T09:00:04.738Z,2026-09-14T08:58:57.285Z,
IBRX,"ImmunityBio, • Robinhood Token",0x7c148f74ac7445d1f28366b7fcdc6792a9fcd0cf,stock_token,18,active,verified,true,0xe10b6f6b275de231345c20d14ab812db62151b00,0xb35490d6f9163de4f80d88dc75c3516eb64c5ae2,1,1,,false,false,4122462000000000000000,,,,,,,,,uniswap_v4,8.090561301453503,,53,3185,agree,2026-09-02T14:53:22.456Z,2026-09-14T09:00:05.156Z,2026-09-14T08:58:57.540Z,
INDA,iShares MSCI India ETF • Robinhood Token,0xacef2e09adb47ad6abebad9ff06689e60615c2b6,stock_token,18,active,verified,true,0xe10b6f6b275de231345c20d14ab812db62151b00,0xb35490d6f9163de4f80d88dc75c3516eb64c5ae2,1,1,,false,false,4896241000000000000000,,,,,,,,,uniswap_v4,,,1239,344282,agree,2026-09-02T14:53:22.454Z,2026-09-14T09:00:05.135Z,2026-09-14T08:58:57.536Z,
INFQ,Infleqtion • Robinhood Token,0xb853bc83a753342a4f8320ea680b4b1e84118d21,stock_token,18,active,verified,true,0xe10b6f6b275de231345c20d14ab812db62151b00,0xb35490d6f9163de4f80d88dc75c3516eb64c5ae2,1,1,,false,false,3112547000000000000000,,,,,,,,,uniswap_v4,,,41,1226,agree,2026-09-02T14:53:22.361Z,2026-09-14T09:00:04.118Z,2026-09-14T08:58:57.420Z,
INOD,Innodata • Robinhood Token,0xf1953dab6fad537488d5a022361ffaa8b4c95ec6,stock_token,18,active,verified,true,0xe10b6f6b275de231345c20d14ab812db62151b00,0xb35490d6f9163de4f80d88dc75c3516eb64c5ae2,1,1,,false,false,430121000000000000000,,,,,,,,,uniswap_v4,,,56,1366,agree,2026-09-02T14:53:22.428Z,2026-09-14T09:00:04.762Z,2026-09-14T08:58:57.299Z,
INTC,Intel • Robinhood Token,0xc72b96e0e48ecd4dc75e1e45396e26300bc39681,stock_token,18,active,verified,true,0xe10b6f6b275de231345c20d14ab812db62151b00,0xb35490d6f9163de4f80d88dc75c3516eb64c5ae2,1,1,,false,false,16046090000000000000000,0x3f390c5c24628ac7c489515402235fead71d1913,96.68125,2026-09-14T08:48:38.000Z,false,,,,-0.0917,uniswap_v4,,,26674,5303956,agree,2026-09-02T14:53:22.341Z,2026-09-14T09:00:03.835Z,2026-09-14T08:58:57.557Z,
INTU,Intuit • Robinhood Token,0x56d23bee5f41a7120170b0c603dae30128e460e9,stock_token,18,active,verified,true,0xe10b6f6b275de231345c20d14ab812db62151b00,0xb35490d6f9163de4f80d88dc75c3516eb64c5ae2,1,1,,false,false,96148000000000000000,,,,,,,,,uniswap_v4,,,65,1830,agree,2026-09-02T14:53:22.352Z,2026-09-14T09:00:03.976Z,2026-09-14T08:58:57.391Z,
IONQ,IonQ • Robinhood Token,0x558378e000d634a36593e338ebacdd6207640efe,stock_token,18,active,verified,true,0xe10b6f6b275de231345c20d14ab812db62151b00,0xb35490d6f9163de4f80d88dc75c3516eb64c5ae2,1,1,,false,false,867874000000000000000,0x22efec4919baf55f360e0edee4abeb26de4971eb,35.759,2026-09-14T08:12:05.000Z,false,,,,0.2917,uniswap_v4,34.994795705167206,,92,1732,agree,2026-09-02T14:53:22.421Z,2026-09-14T09:00:04.650Z,2026-09-14T08:58:57.591Z,
IREN,IREN Limited • Robinhood Token,0xf0ab0c93be6f41369d302e55db1a96b3c430212d,stock_token,18,active,verified,true,0xe10b6f6b275de231345c20d14ab812db62151b00,0xb35490d6f9163de4f80d88dc75c3516eb64c5ae2,1,1,,false,false,825953000000000000000,,,,,,,,,uniswap_v4,,,99,3253,agree,2026-09-02T14:53:22.363Z,2026-09-14T09:00:04.142Z,2026-09-14T08:58:57.354Z,
JBL,Jabil Inc. • Robinhood Token,0xeaf2512dfc1beac608f8794b3793cd4e02894aa6,stock_token,18,active,verified,true,0xe10b6f6b275de231345c20d14ab812db62151b00,0xb35490d6f9163de4f80d88dc75c3516eb64c5ae2,1,1,,false,false,86936000000000000000,,,,,,,,,uniswap_v4,,,32,572,agree,2026-09-02T14:53:22.416Z,2026-09-14T09:00:04.572Z,2026-09-14T08:58:57.408Z,
JNJ,Johnson & Johnson • Robinhood Token,0x03dfbbe0ac4e7bcdafd08ed41a400326b77d8c80,stock_token,18,active,verified,true,0xe10b6f6b275de231345c20d14ab812db62151b00,0xb35490d6f9163de4f80d88dc75c3516eb64c5ae2,1.000021490286702,1.000021490286702,2026-09-09T15:10:26.000Z,false,false,1323798281200000000000,,,,,,,,,uniswap_v4,270.00393123118107,,2325,245263,agree,2026-09-02T14:53:22.418Z,2026-09-14T09:00:04.610Z,2026-09-14T08:58:57.271Z,
JOBY,Joby Aviation • Robinhood Token,0xb334c5ce741b80b5b671f47f5c269cb193fe8e24,stock_token,18,active,verified,true,0xe10b6f6b275de231345c20d14ab812db62151b00,0xb35490d6f9163de4f80d88dc75c3516eb64c5ae2,1,1,,false,false,4780601000000000000000,,,,,,,,,uniswap_v4,,,56,2114,agree,2026-09-02T14:53:22.394Z,2026-09-14T09:00:04.425Z,2026-09-14T08:58:57.398Z,
KLAC,KLA • Robinhood Token,0x96b933c74ecb4a0926b9210cef7b743ef46be2e9,stock_token,18,active,verified,true,0xe10b6f6b275de231345c20d14ab812db62151b00,0xb35490d6f9163de4f80d88dc75c3516eb64c5ae2,1,1,,false,false,119657000000000000000,,,,,,,,,uniswap_v4,,,47,1668,agree,2026-09-02T14:53:22.456Z,2026-09-14T09:00:05.143Z,2026-09-14T08:58:57.538Z,
KSS,Kohls Corporation • Robinhood Token,0x12e3c047bf9aecaf9ddc98c05c31bfd1dd043993,stock_token,18,active,verified,true,0xe10b6f6b275de231345c20d14ab812db62151b00,0xb35490d6f9163de4f80d88dc75c3516eb64c5ae2,1.0046100687323167,1.0046100687323167,2026-09-09T00:00:27.000Z,false,false,1903460346970000000000,,,,,,,,,uniswap_v4,,,278,9827,agree,2026-09-02T14:53:22.418Z,2026-09-14T09:00:04.615Z,2026-09-14T08:58:57.589Z,
KTOS,Kratos Defense & Security Solutions • Robinhood Token,0x7fd06a4d81ccfa3f351394e144d5191874c31313,stock_token,18,active,verified,true,0xe10b6f6b275de231345c20d14ab812db62151b00,0xb35490d6f9163de4f80d88dc75c3516eb64c5ae2,1,1,,false,false,475499000000000000000,,,,,,,,,uniswap_v4,,,45,1122,agree,2026-09-02T14:53:22.414Z,2026-09-14T09:00:04.559Z,2026-09-14T08:58:57.486Z,
LHX,L3Harris • Robinhood Token,0x48d60243c66437c6ac3c2495be94747aed5dfe25,stock_token,18,active,verified,true,0xe10b6f6b275de231345c20d14ab812db62151b00,0xb35490d6f9163de4f80d88dc75c3516eb64c5ae2,1,1,,false,false,100791000000000000000,,,,,,,,,uniswap_v4,,,43,1396,agree,2026-09-02T14:53:22.349Z,2026-09-14T09:00:03.935Z,2026-09-14T08:58:57.563Z,
LINK,ChainLink Token,0x0822560cbdb92a0af70397379ddb4dcc4c95c8a7,bridged,18,active,verified,,,,,,,,,8721363380658192585642,0xe86e3422aa9b5e8ee9f3e41a63975bc387a8bce9,11.3647808,2026-09-14T08:48:38.000Z,false,,,,,uniswap_v4,11.4321762043676,,36,11667,agree,2026-09-04T12:28:02.054Z,2026-09-14T04:20:44.954Z,2026-09-14T08:58:57.273Z,
LITE,Lumentum • Robinhood Token,0x8ef20885f94e3d9bc7eb3080279188bd5ed7c08c,stock_token,18,active,verified,true,0xe10b6f6b275de231345c20d14ab812db62151b00,0xb35490d6f9163de4f80d88dc75c3516eb64c5ae2,1,1,,false,false,282220000000000000000,,,,,,,,,uniswap_v4,,,120,6256,agree,2026-09-02T14:53:22.413Z,2026-09-14T09:00:04.535Z,2026-09-14T08:58:57.585Z,
LLY,Eli Lilly • Robinhood Token,0x8005d266423c7ea827372c9c864491e5786600ea,stock_token,18,active,verified,true,0xe10b6f6b275de231345c20d14ab812db62151b00,0xb35490d6f9163de4f80d88dc75c3516eb64c5ae2,1.0000022887743756,1.0000022887743756,2026-09-11T15:10:30.000Z,false,false,2170887811330000000000,,,,,,,,,uniswap_v3,,,4414,996407,agree,2026-09-02T14:53:22.417Z,2026-09-14T09:00:04.601Z,2026-09-14T08:58:57.409Z,
LMT,Lockheed • Robinhood Token,0x329fcaceb9ad6f9580dd5f643fed0646900d043c,stock_token,18,active,verified,true,0xe10b6f6b275de231345c20d14ab812db62151b00,0xb35490d6f9163de4f80d88dc75c3516eb64c5ae2,1,1,,false,false,336490000000000000000,,,,,,,,,uniswap_v4,,,682,132387,agree,2026-09-02T14:53:22.361Z,2026-09-14T09:00:04.117Z,2026-09-14T08:58:57.445Z,
LRCX,Lam Research Corp • Robinhood Token,0x57b0030166db0c31690d1a5aa167e2e26e2c29a4,stock_token,18,active,verified,true,0xe10b6f6b275de231345c20d14ab812db62151b00,0xb35490d6f9163de4f80d88dc75c3516eb64c5ae2,1,1,,false,false,82270000000000000000,,,,,,,,,uniswap_v4,,,43,724,agree,2026-09-02T14:53:22.364Z,2026-09-14T09:00:04.158Z,2026-09-14T08:58:57.423Z,
LULU,Lululemon • Robinhood Token,0x4e62068525ab11fe768e29dfd00ef909b9803016,stock_token,18,active,verified,true,0xe10b6f6b275de231345c20d14ab812db62151b00,0xb35490d6f9163de4f80d88dc75c3516eb64c5ae2,1,1,,false,false,8424638000000000000000,,,,,,,,,uniswap_v4,,,6398,723101,agree,2026-09-02T14:53:22.360Z,2026-09-14T09:00:04.095Z,2026-09-14T08:58:57.443Z,
LUNR,Intuitive Machines • Robinhood Token,0xa5d4968421ba94814be3b136b15cf422101ac1a3,stock_token,18,active,verified,true,0xe10b6f6b275de231345c20d14ab812db62151b00,0xb35490d6f9163de4f80d88dc75c3516eb64c5ae2,1,1,,false,false,2351142000000000000000,,,,,,,,,uniswap_v4,,,77,4578,agree,2026-09-02T14:53:22.434Z,2026-09-14T09:00:04.838Z,2026-09-14T08:58:57.513Z,
MDB,MongoDB • Robinhood Token,0xddf2266b79abf0b48898959b0ed6e6adf512be74,stock_token,18,active,verified,true,0xe10b6f6b275de231345c20d14ab812db62151b00,0xb35490d6f9163de4f80d88dc75c3516eb64c5ae2,1,1,,false,false,95245000000000000000,,,,,,,,,uniswap_v4,,,67,4590,agree,2026-09-02T14:53:22.455Z,2026-09-14T09:00:05.140Z,2026-09-14T08:58:57.296Z,
META,Meta Platforms • Robinhood Token,0xc0d6457c16cc70d6790dd43521c899c87ce02f35,stock_token,18,active,verified,true,0xe10b6f6b275de231345c20d14ab812db62151b00,0xb35490d6f9163de4f80d88dc75c3516eb64c5ae2,1,1,,false,false,3531056000000000000000,0x7c38c00c30bee9378381e7b6135d7283356d71b1,640.20415,2026-09-14T08:04:08.000Z,false,,,,0.2292,uniswap_v3,,,37463,5984044,agree,2026-09-02T14:53:22.344Z,2026-09-14T09:00:03.873Z,2026-09-14T08:58:57.251Z,
MOD,Modine • Robinhood Token,0xc6cbad1016b38b797610c25e1dc7d95988b1f362,stock_token,18,active,verified,true,0xe10b6f6b275de231345c20d14ab812db62151b00,0xb35490d6f9163de4f80d88dc75c3516eb64c5ae2,1,1,,false,false,130115000000000000000,,,,,,,,,uniswap_v4,,,34,1299,agree,2026-09-02T14:53:22.360Z,2026-09-14T09:00:04.088Z,2026-09-14T08:58:57.441Z,
MPWR,Monolithic Power Systems • Robinhood Token,0x52d50d0280ad1054b43f052bd70a49a212a1b128,stock_token,18,active,verified,true,0xe10b6f6b275de231345c20d14ab812db62151b00,0xb35490d6f9163de4f80d88dc75c3516eb64c5ae2,1,1,,false,false,21747000000000000000,,,,,,,,,uniswap_v4,,,33,1328,agree,2026-09-02T14:53:22.431Z,2026-09-14T09:00:04.804Z,2026-09-14T08:58:57.508Z,
MRNA,Moderna • Robinhood Token,0x43b07d15ce533bec5476d70c22a78a1b2b662155,stock_token,18,active,verified,true,0xe10b6f6b275de231345c20d14ab812db62151b00,0xb35490d6f9163de4f80d88dc75c3516eb64c5ae2,1,1,,false,false,4717593000000000000000,,,,,,,,,uniswap_v3,,,1553,632589,agree,2026-09-02T14:53:22.364Z,2026-09-14T09:00:04.158Z,2026-09-14T08:58:57.571Z,
MRVL,Marvell Technology • Robinhood Token,0x62fd0668e10d8b72339be2dcf7643001688ff13b,stock_token,18,active,verified,true,0xe10b6f6b275de231345c20d14ab812db62151b00,0xb35490d6f9163de4f80d88dc75c3516eb64c5ae2,1,1,,false,false,1790179810000000000000,,,,,,,,,uniswap_v3,,,3072,167371,agree,2026-09-02T14:53:22.416Z,2026-09-14T09:00:04.571Z,2026-09-14T08:58:57.488Z,
MSFT,Microsoft • Robinhood Token,0xe93237c50d904957cf27e7b1133b510c669c2e74,stock_token,18,active,verified,true,0xe10b6f6b275de231345c20d14ab812db62151b00,0xb35490d6f9163de4f80d88dc75c3516eb64c5ae2,1.000412952576206,1.000412952576206,2026-09-11T15:10:30.000Z,false,false,5957323667840000000000,0x45c3c877c15e6ba2ebb19ea114ea508d14c1af2e,493.01850922,2026-09-14T00:00:47.000Z,false,,,,0.4054,uniswap_v4,,,56450,7722192,agree,2026-09-02T14:53:22.342Z,2026-09-14T09:00:03.842Z,2026-09-14T08:58:57.559Z,
MSTR,Strategy Inc. • Robinhood Token,0xec262a75e413fafd0df80480274532c79d42da09,stock_token,18,active,verified,true,0xe10b6f6b275de231345c20d14ab812db62151b00,0xb35490d6f9163de4f80d88dc75c3516eb64c5ae2,1,1,,false,false,31133785100000000000000,0x396118bdfb181e6240e74d243f266b061c0edc3d,130.19515,2026-09-14T08:49:25.000Z,false,,,,-0.092,uniswap_v3,,,10977,2300555,agree,2026-09-02T14:53:22.434Z,2026-09-14T09:00:04.840Z,2026-09-14T08:58:57.523Z,
MTSI,MACOM • Robinhood Token,0xc93f4d80e268ab922e871bd169156c3cc41894e6,stock_token,18,active,verified,true,0xe10b6f6b275de231345c20d14ab812db62151b00,0xb35490d6f9163de4f80d88dc75c3516eb64c5ae2,1,1,,false,false,78979000000000000000,,,,,,,,,uniswap_v4,,,30,608,agree,2026-09-02T14:53:22.323Z,2026-09-14T09:00:03.611Z,2026-09-14T08:58:57.433Z,
MU,Micron Technology • Robinhood Token,0xff080c8ce2e5feadaca0da81314ae59d232d4afd,stock_token,18,active,verified,true,0xe10b6f6b275de231345c20d14ab812db62151b00,0xb35490d6f9163de4f80d88dc75c3516eb64c5ae2,1.0000748232191712,1.0000748232191712,2026-07-24T15:10:24.000Z,false,false,5397992744870000000000,0x425eefdcf05ed6526c3ce61af99429a228a6d596,928.82034212,2026-09-14T08:05:24.000Z,false,,,,0.0669,uniswap_v4,935.7032655999814,,35933,5911072,differ,2026-09-02T14:53:22.374Z,2026-09-14T09:00:04.259Z,2026-09-14T08:58:57.572Z,
MXL,MaxLinear • Robinhood Token,0x48961813349333209994750ffa89b3c5c22ec969,stock_token,18,active,verified,true,0xe10b6f6b275de231345c20d14ab812db62151b00,0xb35490d6f9163de4f80d88dc75c3516eb64c5ae2,1,1,,false,false,417859000000000000000,,,,,,,,,uniswap_v4,,,73,2013,agree,2026-09-02T14:53:22.326Z,2026-09-14T09:00:03.642Z,2026-09-14T08:58:57.326Z,
NAVN,Navan • Robinhood Token,0xf7181b63fdb858558a74ba96bc42732684cd7965,stock_token,18,active,verified,true,0xe10b6f6b275de231345c20d14ab812db62151b00,0xb35490d6f9163de4f80d88dc75c3516eb64c5ae2,1,1,,false,false,806817000000000000000,,,,,,,,,uniswap_v4,,,39,574,agree,2026-09-02T14:53:22.428Z,2026-09-14T09:00:04.744Z,2026-09-14T08:58:57.411Z,
NBIS,Nebius Group • Robinhood Token,0x9d9c6684f596f66a64c030b93a886d51fd4d7931,stock_token,18,active,verified,true,0xe10b6f6b275de231345c20d14ab812db62151b00,0xb35490d6f9163de4f80d88dc75c3516eb64c5ae2,1,1,,false,false,1254383000000000000000,0xe1d87b116ba0fe898998f1d140339d1fa1e09705,208.6408,2026-09-14T08:49:30.000Z,false,,,,-0.3721,uniswap_v4,,,167,17826,agree,2026-09-02T14:53:22.407Z,2026-09-14T09:00:04.492Z,2026-09-14T08:58:57.476Z,
NET,"Cloudflare, Inc. Class A common stock • Robinhood Token",0x116f00968269b7bfbad4109ce591d6e74c0601d4,stock_token,18,active,verified,true,0xe10b6f6b275de231345c20d14ab812db62151b00,0xb35490d6f9163de4f80d88dc75c3516eb64c5ae2,1,1,,false,false,863175000000000000000,,,,,,,,,uniswap_v4,,,1014,161578,agree,2026-09-02T14:53:22.433Z,2026-09-14T09:00:04.826Z,2026-09-14T08:58:57.455Z,
NFLX,Netflix • Robinhood Token,0xe0444ef8bf4ed74f74fd73686e2ddf4c1c5591e8,stock_token,18,active,verified,true,0xe10b6f6b275de231345c20d14ab812db62151b00,0xb35490d6f9163de4f80d88dc75c3516eb64c5ae2,1,1,,false,false,9872475000000000000000,,,,,,,,,uniswap_v4,78.20815248908754,,14324,1010975,agree,2026-09-02T14:53:22.354Z,2026-09-14T09:00:03.979Z,2026-09-14T08:58:57.425Z,
NNE,Nano Nuclear Energy • Robinhood Token,0xbef75684c43c4ea7bd18dd532a2244674ee8b926,stock_token,18,active,verified,true,0xe10b6f6b275de231345c20d14ab812db62151b00,0xb35490d6f9163de4f80d88dc75c3516eb64c5ae2,1,1,,false,false,13270520000000000000000,,,,,,,,,uniswap_v4,,,202,24344,agree,2026-09-02T14:53:22.336Z,2026-09-14T09:00:03.768Z,2026-09-14T08:58:57.551Z,
NOW,ServiceNow • Robinhood Token,0x0c3260af4b8f13a69c4c2dfb84fd667890cdfa14,stock_token,18,active,verified,true,0xe10b6f6b275de231345c20d14ab812db62151b00,0xb35490d6f9163de4f80d88dc75c3516eb64c5ae2,1,1,,false,false,359566000000000000000,,,,,,,,,uniswap_v4,,,100,10604,agree,2026-09-02T14:53:22.388Z,2026-09-14T09:00:04.389Z,2026-09-14T08:58:57.396Z,
NU,Nu • Robinhood Token,0x408c14038a04f7bd235329e26d2bf569ee20e250,stock_token,18,active,verified,true,0xe10b6f6b275de231345c20d14ab812db62151b00,0xb35490d6f9163de4f80d88dc75c3516eb64c5ae2,1,1,,false,false,15740231000000000000000,,,,,,,,,uniswap_v4,,,1061,354987,agree,2026-09-02T14:53:22.340Z,2026-09-14T09:00:03.813Z,2026-09-14T08:58:57.555Z,
NVDA,NVIDIA • Robinhood Token,0xd0601ce157db5bdc3162bbac2a2c8af5320d9eec,stock_token,18,active,verified,true,0xe10b6f6b275de231345c20d14ab812db62151b00,0xb35490d6f9163de4f80d88dc75c3516eb64c5ae2,1.0007751591646306,1.0007751591646306,2026-09-10T00:00:30.000Z,false,false,102861420487220000000000,0x379ec4f7c378f34a1b47e4f3cbebcbac3e8e9f15,212.53542117,2026-09-14T08:49:08.000Z,false,,,,0.1749,uniswap_v3,,,159301,22908072,agree,2026-09-02T14:53:22.392Z,2026-09-14T09:00:04.414Z,2026-09-14T08:58:57.267Z,
NVTS,Navitas Semiconductor • Robinhood Token,0xbe6702d7b70315376dc48a3293f24f0982f86386,stock_token,18,active,verified,true,0xe10b6f6b275de231345c20d14ab812db62151b00,0xb35490d6f9163de4f80d88dc75c3516eb64c5ae2,1,1,,false,false,1942451000000000000000,,,,,,,,,uniswap_v4,,,56,683,agree,2026-09-02T14:53:22.423Z,2026-09-14T09:00:04.696Z,2026-09-14T08:58:57.498Z,
OKLO,Oklo • Robinhood Token,0x8b2f88497f15a18e9d4ffa1a8ffb8538399ae774,stock_token,18,active,verified,true,0xe10b6f6b275de231345c20d14ab812db62151b00,0xb35490d6f9163de4f80d88dc75c3516eb64c5ae2,1,1,,false,false,643013000000000000000,,,,,,,,,uniswap_v4,,,41,1148,agree,2026-09-02T14:53:22.443Z,2026-09-14T09:00:04.972Z,2026-09-14T08:58:57.603Z,
ON,ON Semiconductor • Robinhood Token,0xbbd09f72b025360fee5c928053dca6248d35be54,stock_token,18,active,verified,true,0xe10b6f6b275de231345c20d14ab812db62151b00,0xb35490d6f9163de4f80d88dc75c3516eb64c5ae2,1,1,,false,false,852840000000000000000,,,,,,,,,uniswap_v4,,,129,49729,agree,2026-09-02T14:53:22.318Z,2026-09-14T09:00:03.506Z,2026-09-14T08:58:57.376Z,
ONTO,Onto Innovation • Robinhood Token,0x8ff63eaeee3fe54ba450c4f5538064ec5a893aef,stock_token,18,active,verified,true,0xe10b6f6b275de231345c20d14ab812db62151b00,0xb35490d6f9163de4f80d88dc75c3516eb64c5ae2,1,1,,false,false,76136000000000000000,,,,,,,,,uniswap_v4,,,30,635,agree,2026-09-02T14:53:22.451Z,2026-09-14T09:00:05.094Z,2026-09-14T08:58:57.279Z,
ORCL,Oracle • Robinhood Token,0xb0992820e760d836549ba69bc7598b4af75dee03,stock_token,18,active,verified,true,0xe10b6f6b275de231345c20d14ab812db62151b00,0xb35490d6f9163de4f80d88dc75c3516eb64c5ae2,1.0022109149710134,1.0022109149710134,2026-07-27T15:10:23.000Z,false,false,5337519887400000000000,0x0e6a64a2b58a6693a531e6c555f3a5d042eea844,145.03094371,2026-09-14T08:27:55.000Z,false,,,,-0.0822,uniswap_v4,,,19959,4554173,agree,2026-09-02T14:53:22.424Z,2026-09-14T09:00:04.691Z,2026-09-14T08:58:57.495Z,
OUST,Ouster • Robinhood Token,0x40e7a279850e443f582059ae5dc1c3b6563e6395,stock_token,18,active,verified,true,0xe10b6f6b275de231345c20d14ab812db62151b00,0xb35490d6f9163de4f80d88dc75c3516eb64c5ae2,1,1,,false,false,655452000000000000000,,,,,,,,,uniswap_v4,,,31,573,agree,2026-09-02T14:53:22.363Z,2026-09-14T09:00:04.127Z,2026-09-14T08:58:57.447Z,
P,Everpure • Robinhood Token,0x1cdad396db64bda184d5182a97dd9b3c62100b7d,stock_token,18,active,verified,true,0xe10b6f6b275de231345c20d14ab812db62151b00,0xb35490d6f9163de4f80d88dc75c3516eb64c5ae2,1,1,,false,false,726046000000000000000,,,,,,,,,uniswap_v4,,,234,37511,agree,2026-09-02T14:53:22.317Z,2026-09-14T09:00:03.476Z,2026-09-14T08:58:57.280Z,
PANW,Palo Alto Networks • Robinhood Token,0xb039597ed45cba7b6e2fb9e8be51802969cee5be,stock_token,18,active,verified,true,0xe10b6f6b275de231345c20d14ab812db62151b00,0xb35490d6f9163de4f80d88dc75c3516eb64c5ae2,1,1,,false,false,80219000000000000000,,,,,,,,,uniswap_v4,,,49,2366,agree,2026-09-02T14:53:22.348Z,2026-09-14T09:00:03.936Z,2026-09-14T08:58:57.384Z,
PATH,UiPath • Robinhood Token,0xfb2664f07b6aadd29ea7a59d8859b1aeb8645cda,stock_token,18,active,verified,true,0xe10b6f6b275de231345c20d14ab812db62151b00,0xb35490d6f9163de4f80d88dc75c3516eb64c5ae2,1,1,,false,false,2186640000000000000000,,,,,,,,,uniswap_v3,12.090979626452528,,63,2033,agree,2026-09-02T14:53:22.423Z,2026-09-14T09:00:04.691Z,2026-09-14T08:58:57.499Z,
PENDLE,Pendle,0xa696193fdf5b694a9913acc3b331810dbc897743,bridged,18,active,verified,,,,,,,,,3846320810161256396,,,,,,,,,,,,1,1,agree,2026-09-04T12:28:02.059Z,2026-09-14T04:20:44.957Z,2026-09-14T08:58:57.243Z,
PENG,Penguin Solutions • Robinhood Token,0x9b23573b156b52565012f5ce02cdf60afbaa70be,stock_token,18,active,verified,true,0xe10b6f6b275de231345c20d14ab812db62151b00,0xb35490d6f9163de4f80d88dc75c3516eb64c5ae2,1,1,,false,false,3929951000000000000000,,,,,,,,,uniswap_v4,50.73776647126871,,276,186636,agree,2026-09-02T14:53:22.432Z,2026-09-14T09:00:04.814Z,2026-09-14T08:58:57.509Z,
PEPE,Pepe,0xeeba1996dad6d981bd90e812196b40d555eaa9eb,bridged,18,active,verified,,,,,,,,,30637349151338706835464459,,,,,,,,,,,,7,32,agree,2026-09-04T12:28:02.061Z,2026-09-14T04:20:44.958Z,2026-09-14T08:58:57.249Z,
PFE,Pfizer • Robinhood Token,0x7066a64c24e4206cd62e83bf198c1e7eb361f51e,stock_token,18,active,verified,true,0xe10b6f6b275de231345c20d14ab812db62151b00,0xb35490d6f9163de4f80d88dc75c3516eb64c5ae2,1,1,,false,false,12030220000000000000000,,,,,,,,,uniswap_v3,27.708911490562517,,1887,273429,agree,2026-09-02T14:53:22.455Z,2026-09-14T09:00:05.141Z,2026-09-14T08:58:57.291Z,
PL,Planet Labs • Robinhood Token,0xaa4d64474c172010ab57719cb9951e6142a100d3,stock_token,18,active,verified,true,0xe10b6f6b275de231345c20d14ab812db62151b00,0xb35490d6f9163de4f80d88dc75c3516eb64c5ae2,1,1,,false,false,1697985000000000000000,,,,,,,,,uniswap_v4,16.661780629458338,,58,4229,agree,2026-09-02T14:53:22.420Z,2026-09-14T09:00:04.650Z,2026-09-14T08:58:57.489Z,
PLTR,Palantir Technologies • Robinhood Token,0x894e1ec2d74ffe5aef8dc8a9e84686accb964f2a,stock_token,18,active,verified,true,0xe10b6f6b275de231345c20d14ab812db62151b00,0xb35490d6f9163de4f80d88dc75c3516eb64c5ae2,1,1,,false,false,13166444000000000000000,0x820abedff239034956b7a9d2f0a331f9f075eb4c,168.07395,2026-09-14T08:05:38.000Z,false,,,,0.1782,uniswap_v4,,,37889,6694911,agree,2026-09-02T14:53:22.373Z,2026-09-14T09:00:04.262Z,2026-09-14T08:58:57.266Z,
POET,POET Technologies • Robinhood Token,0xcf6b2d875361be807eafa57458c80f28521f9333,stock_token,18,active,verified,true,0xe10b6f6b275de231345c20d14ab812db62151b00,0xb35490d6f9163de4f80d88dc75c3516eb64c5ae2,1,1,,false,false,5924693000000000000000,,,,,,,,,uniswap_v4,,,257,14441,agree,2026-09-02T14:53:22.411Z,2026-09-14T09:00:04.522Z,2026-09-14T08:58:57.481Z,
POWL,Powell Industries • Robinhood Token,0x237c16d66590f67b886d978acd362eaead8b18c7,stock_token,18,active,verified,true,0xe10b6f6b275de231345c20d14ab812db62151b00,0xb35490d6f9163de4f80d88dc75c3516eb64c5ae2,1,1,,false,false,140620000000000000000,,,,,,,,,uniswap_v4,,,34,1204,agree,2026-09-02T14:53:22.375Z,2026-09-14T09:00:04.285Z,2026-09-14T08:58:57.334Z,
PR,Permian Resources • Robinhood Token,0x4189f0c66ebbb0bfef1c31f763131361ef32f77c,stock_token,18,active,verified,true,0xe10b6f6b275de231345c20d14ab812db62151b00,0xb35490d6f9163de4f80d88dc75c3516eb64c5ae2,1,1,,false,false,1170492000000000000000,,,,,,,,,uniswap_v4,,,48,597,agree,2026-09-02T14:53:22.334Z,2026-09-14T09:00:03.738Z,2026-09-14T08:58:57.331Z,
PWR,Quanta • Robinhood Token,0x9ab02ead789b6903c3c44d0ed32f9c707cdf12fd,stock_token,18,active,verified,true,0xe10b6f6b275de231345c20d14ab812db62151b00,0xb35490d6f9163de4f80d88dc75c3516eb64c5ae2,1,1,,false,false,33873000000000000000,,,,,,,,,uniswap_v4,,,29,648,agree,2026-09-02T14:53:22.396Z,2026-09-14T09:00:04.450Z,2026-09-14T08:58:57.400Z,
QBTS,D-Wave Quantum Inc. Common Stock • Robinhood Token,0xc583c60aef9dc401da72cec1b404743a93cea1cc,stock_token,18,active,verified,true,0xe10b6f6b275de231345c20d14ab812db62151b00,0xb35490d6f9163de4f80d88dc75c3516eb64c5ae2,1,1,,false,false,1736782000000000000000,,,,,,,,,uniswap_v4,,,95,2329,agree,2026-09-02T14:53:22.321Z,2026-09-14T09:00:03.570Z,2026-09-14T08:58:57.431Z,
QCOM,Qualcomm • Robinhood Token,0x0f17206447090e464c277571124dd2688e48aea9,stock_token,18,active,verified,true,0xe10b6f6b275de231345c20d14ab812db62151b00,0xb35490d6f9163de4f80d88dc75c3516eb64c5ae2,1,1,,false,false,217272000000000000000,,,,,,,,,uniswap_v4,,,1650,12391,agree,2026-09-02T14:53:22.417Z,2026-09-14T09:00:04.609Z,2026-09-14T08:58:57.480Z,
QQQ,Invesco QQQ • Robinhood Token,0xd5f3879160bc7c32ebb4dc785f8a4f505888de68,stock_token,18,active,verified,true,0xe10b6f6b275de231345c20d14ab812db62151b00,0xb35490d6f9163de4f80d88dc75c3516eb64c5ae2,1,1,,false,false,7762052000000000000000,0x80901d846d5d7b030f26b480776ee3b29374c2ae,702.83645,2026-09-14T08:29:34.000Z,false,,,,0.0337,uniswap_v3,,,26097,2522749,agree,2026-09-02T14:53:22.334Z,2026-09-14T09:00:03.762Z,2026-09-14T08:58:57.340Z,
QUBT,Quantum Computing • Robinhood Token,0x59818904ab4ce163b3ce4ffb64f2d6ca02c434b4,stock_token,18,active,verified,true,0xe10b6f6b275de231345c20d14ab812db62151b00,0xb35490d6f9163de4f80d88dc75c3516eb64c5ae2,1,1,,false,false,43548451200000000000000,,,,,,,,,uniswap_v3,,,1989,402645,agree,2026-09-02T14:53:22.395Z,2026-09-14T09:00:04.426Z,2026-09-14T08:58:57.472Z,
RBLX,Roblox • Robinhood Token,0xf0c4bf4c582cb3836e98394b1d4e7b7281101be8,stock_token,18,active,verified,true,0xe10b6f6b275de231345c20d14ab812db62151b00,0xb35490d6f9163de4f80d88dc75c3516eb64c5ae2,1,1,,false,false,17397597000000000000000,,,,,,,,,uniswap_v3,,,7728,1205609,agree,2026-09-02T14:53:22.450Z,2026-09-14T09:00:05.067Z,2026-09-14T08:58:57.485Z,
RCAT,Red Cat • Robinhood Token,0xfde6b5d9bb419b10c23268c74e369abff39c0460,stock_token,18,active,verified,true,0xe10b6f6b275de231345c20d14ab812db62151b00,0xb35490d6f9163de4f80d88dc75c3516eb64c5ae2,1,1,,false,false,36447812000000000000000,,,,,,,,,uniswap_v4,7.820734150488747,,740,132712,agree,2026-09-02T14:53:22.342Z,2026-09-14T09:00:03.846Z,2026-09-14T08:58:57.351Z,
RDDT,Reddit • Robinhood Token,0x05b37fb53a299a1b874a619e1c4c404d52c36f4c,stock_token,18,active,verified,true,0xe10b6f6b275de231345c20d14ab812db62151b00,0xb35490d6f9163de4f80d88dc75c3516eb64c5ae2,1,1,,false,false,12721662000000000000000,,,,,,,,,uniswap_v3,,,19829,2776773,agree,2026-09-02T14:53:22.346Z,2026-09-14T09:00:03.898Z,2026-09-14T08:58:57.348Z,
RDW,Redwire • Robinhood Token,0x92ef19e82bd8ff36661de838d5eae7e5cef0effe,stock_token,18,active,verified,true,0xe10b6f6b275de231345c20d14ab812db62151b00,0xb35490d6f9163de4f80d88dc75c3516eb64c5ae2,1,1,,false,false,3178298000000000000000,,,,,,,,,uniswap_v4,,,63,1316,agree,2026-09-02T14:53:22.441Z,2026-09-14T09:00:04.937Z,2026-09-14T08:58:57.515Z,
RGTI,Rigetti Computing • Robinhood Token,0x284358abc07f9359f19f4b5b4ac91901be2597ba,stock_token,18,active,verified,true,0xe10b6f6b275de231345c20d14ab812db62151b00,0xb35490d6f9163de4f80d88dc75c3516eb64c5ae2,1,1,,false,false,1917780000000000000000,0x2a045cf1c49c61c166c036d2f06fa2d2d984f765,14.77655,2026-09-14T08:49:36.000Z,false,,,,-0.2595,uniswap_v4,,,77,1533,agree,2026-09-02T14:53:22.343Z,2026-09-14T09:00:03.852Z,2026-09-14T08:58:57.311Z,
RIVN,Rivian Automotive • Robinhood Token,0xb1bf26c1d20ff267a4f93550d1e0d06ac40a114b,stock_token,18,active,verified,true,0xe10b6f6b275de231345c20d14ab812db62151b00,0xb35490d6f9163de4f80d88dc75c3516eb64c5ae2,1,1,,false,false,38221534000000000000000,,,,,,,,,uniswap_v4,16.54981240236915,,1826,336789,agree,2026-09-02T14:53:22.430Z,2026-09-14T09:00:04.782Z,2026-09-14T08:58:57.502Z,
RKLB,Rocket Lab Corporation • Robinhood Token,0x3b14c39e89d60d627b42a1a4ca45b5bb45fc12e2,stock_token,18,active,verified,true,0xe10b6f6b275de231345c20d14ab812db62151b00,0xb35490d6f9163de4f80d88dc75c3516eb64c5ae2,1,1,,false,false,2411921000000000000000,0x045477bf65aef6f4f2386ad0164579e48381cc74,61.18,2026-09-14T07:19:08.000Z,false,,,,-0.098,uniswap_v4,,,743,38413,agree,2026-09-02T14:53:22.377Z,2026-09-14T09:00:04.297Z,2026-09-14T08:58:57.462Z,
RUN,Sunrun • Robinhood Token,0x756bc80af765c82da966a788858d65adf14f3793,stock_token,18,active,verified,true,0xe10b6f6b275de231345c20d14ab812db62151b00,0xb35490d6f9163de4f80d88dc75c3516eb64c5ae2,1,1,,false,false,7586570000000000000000,,,,,,,,,uniswap_v4,,,300,37776,agree,2026-09-02T14:53:22.326Z,2026-09-14T09:00:03.646Z,2026-09-14T08:58:57.382Z,
SATS,EchoStar • Robinhood Token,0x95052ddcd5dc25641657424a8cf04834997e1730,stock_token,18,active,verified,true,0xe10b6f6b275de231345c20d14ab812db62151b00,0xb35490d6f9163de4f80d88dc75c3516eb64c5ae2,1,1,,false,false,103000000000000000,,,,,,,,,,,,4,25,agree,2026-09-02T14:53:22.322Z,2026-09-14T09:00:03.605Z,2026-09-14T08:58:57.335Z,
SCHD,Schwab US Dividend Equity ETF • Robinhood Token,0xd63abb2c13d7a8421a8017a712802053568e3c1d,stock_token,18,active,verified,true,0xe10b6f6b275de231345c20d14ab812db62151b00,0xb35490d6f9163de4f80d88dc75c3516eb64c5ae2,1,1,,false,false,924666000000000000000,,,,,,,,,uniswap_v4,,,62,3867,agree,2026-09-02T14:53:22.433Z,2026-09-14T09:00:04.827Z,2026-09-14T08:58:57.304Z,
SGOV,iShares 0-3 Month Treasury Bond • Robinhood Token,0x92fd66527192e3e61d4ddd13322aa222de86f9b5,stock_token,18,active,verified,true,0xe10b6f6b275de231345c20d14ab812db62151b00,0xb35490d6f9163de4f80d88dc75c3516eb64c5ae2,1.005101770003215,1.005101770003215,2026-09-01T00:00:26.000Z,false,false,45043064882800000000000,0xa0df4ee0fff975306345875e3548fcc519577a11,101.04790644,2026-09-14T00:00:42.000Z,false,,,,0.0099,uniswap_v3,101.0063091854577,,8397,1734360,agree,2026-09-02T14:53:22.362Z,2026-09-14T09:00:04.126Z,2026-09-14T08:58:57.469Z,
SHOP,Shopify • Robinhood Token,0xf53f66751b1eff985311b693531e3290f600c410,stock_token,18,active,verified,true,0xe10b6f6b275de231345c20d14ab812db62151b00,0xb35490d6f9163de4f80d88dc75c3516eb64c5ae2,1,1,,false,false,2660597000000000000000,,,,,,,,,uniswap_v4,,,1571,251706,agree,2026-09-02T14:53:22.422Z,2026-09-14T09:00:04.663Z,2026-09-14T08:58:57.282Z,
SHY,iShares 1-3 Year Treasury Bond ETF • Robinhood Token,0xbe274710bf3d9567e1b290ef6a5f9f90ca016fd8,stock_token,18,active,verified,true,0xe10b6f6b275de231345c20d14ab812db62151b00,0xb35490d6f9163de4f80d88dc75c3516eb64c5ae2,1,1,,false,false,313488000000000000000,,,,,,,,,uniswap_v4,,,35,981,agree,2026-09-02T14:53:22.408Z,2026-09-14T09:00:04.491Z,2026-09-14T08:58:57.478Z,
SIMO,Silicon Motion • Robinhood Token,0x77e655e37f4d913fb9540e0d541d824171a60e81,stock_token,18,active,verified,true,0xe10b6f6b275de231345c20d14ab812db62151b00,0xb35490d6f9163de4f80d88dc75c3516eb64c5ae2,1,1,,false,false,113061000000000000000,,,,,,,,,uniswap_v4,,,57,5424,agree,2026-09-02T14:53:22.370Z,2026-09-14T09:00:04.240Z,2026-09-14T08:58:57.361Z,
SKHY,SK hynix Inc. American Depositary Shares • Robinhood Token,0x84cab63bc87912e71ad199ff14a0ba45de68fef8,stock_token,18,active,verified,true,0xe10b6f6b275de231345c20d14ab812db62151b00,0xb35490d6f9163de4f80d88dc75c3516eb64c5ae2,1,1,,false,false,4840000000000000000000,,,,,,,,,uniswap_v4,,,1550,439855,agree,2026-09-02T14:53:22.338Z,2026-09-14T09:00:03.800Z,2026-09-14T08:58:57.345Z,
SLS,SELLAS Life Sciences • Robinhood Token,0x285b231728c7e4333799183df1094d775246a535,stock_token,18,active,verified,true,0xe10b6f6b275de231345c20d14ab812db62151b00,0xb35490d6f9163de4f80d88dc75c3516eb64c5ae2,1,1,,false,false,2260000000000000000000,,,,,,,,,uniswap_v4,,,37,565,agree,2026-09-02T14:53:22.384Z,2026-09-14T09:00:04.361Z,2026-09-14T08:58:57.373Z,
SLV,iShares Silver Trust • Robinhood Token,0x411efb0e7f985935daec3d4c3ebaea0d0ad7d89f,stock_token,18,active,verified,true,0xe10b6f6b275de231345c20d14ab812db62151b00,0xb35490d6f9163de4f80d88dc75c3516eb64c5ae2,1,1,,false,false,21951645000000000000000,0x209b73908e92ae021826ed79609845451ecba2ce,57.09705,2026-09-14T08:30:23.000Z,false,,,,-0.0402,uniswap_v3,57.7695884475792,,6650,1209363,agree,2026-09-02T14:53:22.444Z,2026-09-14T09:00:04.982Z,2026-09-14T08:58:57.525Z,
SMCI,Super Micro Computer • Robinhood Token,0xc01aa1fecec0605b13bc84874ff7256c0f5f562a,stock_token,18,active,verified,true,0xe10b6f6b275de231345c20d14ab812db62151b00,0xb35490d6f9163de4f80d88dc75c3516eb64c5ae2,1,1,,false,false,1010008000000000000000,,,,,,,,,uniswap_v4,,,135,5630,agree,2026-09-02T14:53:22.324Z,2026-09-14T09:00:03.629Z,2026-09-14T08:58:57.473Z,
SMH,VanEck Semiconductor ETF • Robinhood Token,0x072f979c2cac8e1391b0162a87fee094bf8744a0,stock_token,18,active,verified,true,0xe10b6f6b275de231345c20d14ab812db62151b00,0xb35490d6f9163de4f80d88dc75c3516eb64c5ae2,1,1,,false,false,211811000000000000000,,,,,,,,,uniswap_v3,553.11,,55,1414,agree,2026-09-02T14:53:22.386Z,2026-09-14T09:00:04.372Z,2026-09-14T08:58:57.470Z,
SMR,NuScale Power • Robinhood Token,0x1eebee7f74517e0279dfb09d25b0407beec3fdd6,stock_token,18,active,verified,true,0xe10b6f6b275de231345c20d14ab812db62151b00,0xb35490d6f9163de4f80d88dc75c3516eb64c5ae2,1,1,,false,false,4787168000000000000000,,,,,,,,,uniswap_v4,,,70,3865,agree,2026-09-02T14:53:22.410Z,2026-09-14T09:00:04.509Z,2026-09-14T08:58:57.477Z,
SNAP,Snap • Robinhood Token,0xf6589f11bc40b669e584073f428b05562f568733,stock_token,18,active,verified,true,0xe10b6f6b275de231345c20d14ab812db62151b00,0xb35490d6f9163de4f80d88dc75c3516eb64c5ae2,1,1,,false,false,124951183000000000000000,,,,,,,,,uniswap_v3,5.684684235625033,,2133,471984,agree,2026-09-02T14:53:22.337Z,2026-09-14T09:00:03.775Z,2026-09-14T08:58:57.553Z,
SNDK,Sandisk Corporation • Robinhood Token,0xb90a19ff0af67f7779aff50a882a9cff42446400,stock_token,18,active,verified,true,0xe10b6f6b275de231345c20d14ab812db62151b00,0xb35490d6f9163de4f80d88dc75c3516eb64c5ae2,1,1,,false,false,1052035000000000000000,0xfb133fa4b7b385802b693a293606682df47109a3,1550.9182,2026-09-14T08:34:35.000Z,false,,,,0.0321,uniswap_v4,1548.5171065871364,,26469,4932718,agree,2026-09-02T14:53:22.350Z,2026-09-14T09:00:03.939Z,2026-09-14T08:58:57.389Z,
SNOW,Snowflake • Robinhood Token,0xba0cab75495255d0cb58e22b648bfed4ecd1f47e,stock_token,18,active,verified,true,0xe10b6f6b275de231345c20d14ab812db62151b00,0xb35490d6f9163de4f80d88dc75c3516eb64c5ae2,1,1,,false,false,780759000000000000000,,,,,,,,,uniswap_v4,330.2057200350777,,561,199042,agree,2026-09-02T14:53:22.332Z,2026-09-14T09:00:03.731Z,2026-09-14T08:58:57.549Z,
SOFI,SoFi Technologies • Robinhood Token,0x98e75885157c80992a8d41b696d8c9c6fb30a926,stock_token,18,active,verified,true,0xe10b6f6b275de231345c20d14ab812db62151b00,0xb35490d6f9163de4f80d88dc75c3516eb64c5ae2,1,1,,false,false,4014530000000000000000,,,,,,,,,uniswap_v4,17.410852824159093,,158,46914,agree,2026-09-02T14:53:22.445Z,2026-09-14T09:00:04.980Z,2026-09-14T08:58:57.601Z,
SOUN,SoundHound AI • Robinhood Token,0x6e3dfd9f7e1649baa14d25cac18c94d62db10a54,stock_token,18,active,verified,true,0xe10b6f6b275de231345c20d14ab812db62151b00,0xb35490d6f9163de4f80d88dc75c3516eb64c5ae2,1,1,,false,false,14540112000000000000000,,,,,,,,,uniswap_v4,,,158,63309,agree,2026-09-02T14:53:22.410Z,2026-09-14T09:00:04.501Z,2026-09-14T08:58:57.583Z,
SOXX,iShares Semiconductor ETF • Robinhood Token,0x75742c18bc1f1c5c5f448f4c9d9c6f66dafaaa38,stock_token,18,active,verified,true,0xe10b6f6b275de231345c20d14ab812db62151b00,0xb35490d6f9163de4f80d88dc75c3516eb64c5ae2,1,1,,false,false,326974000000000000000,,,,,,,,,uniswap_v4,,,133,76356,agree,2026-09-02T14:53:22.452Z,2026-09-14T09:00:05.100Z,2026-09-14T08:58:57.534Z,
SPCX,Space Exploration Technologies Corp. Class A Common Stock • Robinhood Token,0x4a0e65a3eccec6dbe60ae065f2e7bb85fae35eea,stock_token,18,active,verified,true,0xe10b6f6b275de231345c20d14ab812db62151b00,0xb35490d6f9163de4f80d88dc75c3516eb64c5ae2,1,1,,false,false,75423519000000000000000,0xb265810950ba6c5c0ff821c9963014a56fd8bffb,147.985,2026-09-14T07:54:18.000Z,false,,,,-0.0439,uniswap_v3,148.39569246045843,,98802,16038678,agree,2026-09-02T14:53:22.328Z,2026-09-14T09:00:03.679Z,2026-09-14T08:58:57.283Z,
SPMO,Invesco S&P 500 Momentum ETF • Robinhood Token,0xad622320e520de39e72d41ef07438c3fd3354875,stock_token,18,active,verified,true,0xe10b6f6b275de231345c20d14ab812db62151b00,0xb35490d6f9163de4f80d88dc75c3516eb64c5ae2,1,1,,false,false,234193000000000000000,,,,,,,,,uniswap_v4,,,157,6683,agree,2026-09-02T14:53:22.450Z,2026-09-14T09:00:05.059Z,2026-09-14T08:58:57.533Z,
SPY,SPDR S&P 500 ETF Trust • Robinhood Token,0x117cc2133c37b721f49de2a7a74833232b3b4c0c,stock_token,18,active,verified,true,0xe10b6f6b275de231345c20d14ab812db62151b00,0xb35490d6f9163de4f80d88dc75c3516eb64c5ae2,1,1,,false,false,32482364000000000000000,0x319724394d3a0e3669269846abe664cd621f9f6a,760.04,2026-09-14T00:00:26.000Z,false,,,,0.1344,uniswap_v4,,,66916,10837898,agree,2026-09-02T14:53:22.330Z,2026-09-14T09:00:03.693Z,2026-09-14T08:58:57.313Z,
TE,T1 Energy • Robinhood Token,0xb1969f6604ca1ae7a2cd3f1827876e914594ca2d,stock_token,18,active,verified,true,0xe10b6f6b275de231345c20d14ab812db62151b00,0xb35490d6f9163de4f80d88dc75c3516eb64c5ae2,1,1,,false,false,8913545000000000000000,,,,,,,,,uniswap_v4,,,85,4821,agree,2026-09-02T14:53:22.421Z,2026-09-14T09:00:04.651Z,2026-09-14T08:58:57.494Z,
TEAM,Atlassian Corporation • Robinhood Token,0x5b97476b922f3305131b8f0b9d333172e87f4aae,stock_token,18,active,verified,true,0xe10b6f6b275de231345c20d14ab812db62151b00,0xb35490d6f9163de4f80d88dc75c3516eb64c5ae2,1,1,,false,false,182186000000000000000,,,,,,,,,uniswap_v4,,,46,2338,agree,2026-09-02T14:53:22.321Z,2026-09-14T09:00:03.567Z,2026-09-14T08:58:57.308Z,
TEM,Tempus AI • Robinhood Token,0xb1cc0ec7db69cf43539119814df40071b9d61793,stock_token,18,active,verified,true,0xe10b6f6b275de231345c20d14ab812db62151b00,0xb35490d6f9163de4f80d88dc75c3516eb64c5ae2,1,1,,false,false,303327000000000000000,,,,,,,,,uniswap_v4,57.544043868560436,,82,1457,agree,2026-09-02T14:53:22.367Z,2026-09-14T09:00:04.198Z,2026-09-14T08:58:57.569Z,
TER,Teradyne • Robinhood Token,0x2778c5024d5ca2cdb0f8ead671ffc69963adcd9c,stock_token,18,active,verified,true,0xe10b6f6b275de231345c20d14ab812db62151b00,0xb35490d6f9163de4f80d88dc75c3516eb64c5ae2,1,1,,false,false,100208000000000000000,,,,,,,,,uniswap_v4,,,69,7571,agree,2026-09-02T14:53:22.378Z,2026-09-14T09:00:04.306Z,2026-09-14T08:58:57.576Z,
TSEM,Tower Semiconductor • Robinhood Token,0x89776d4cd68193597a2fc132cfac1fde36ccea8a,stock_token,18,active,verified,true,0xe10b6f6b275de231345c20d14ab812db62151b00,0xb35490d6f9163de4f80d88dc75c3516eb64c5ae2,1,1,,false,false,128680000000000000000,,,,,,,,,uniswap_v4,,,57,1236,agree,2026-09-02T14:53:22.346Z,2026-09-14T09:00:03.882Z,2026-09-14T08:58:57.412Z,
TSLA,Tesla • Robinhood Token,0x322f0929c4625ed5bad873c95208d54e1c003b2d,stock_token,18,active,verified,true,0xe10b6f6b275de231345c20d14ab812db62151b00,0xb35490d6f9163de4f80d88dc75c3516eb64c5ae2,1,1,,false,false,12545608000000000000000,0x4a1166a659a55625345e9515b32adecea5547c38,358.21775,2026-09-14T08:20:18.000Z,false,,,,-0.0425,uniswap_v3,,,64664,9052613,agree,2026-09-02T14:53:22.436Z,2026-09-14T09:00:04.868Z,2026-09-14T08:58:57.517Z,
TSM,Taiwan Semiconductor Manufacturing • Robinhood Token,0x58ffe4a942d3885baa22d7520691f611ef09e7aa,stock_token,18,active,verified,true,0xe10b6f6b275de231345c20d14ab812db62151b00,0xb35490d6f9163de4f80d88dc75c3516eb64c5ae2,1,1,,false,false,3565303700000000000000,0x874cf94aa8ec88fd9560094dd065f2fb3e41fc2f,417.79235,2026-09-14T08:59:03.000Z,false,,,,-0.1106,uniswap_v4,420.62854603936063,,9465,889555,agree,2026-09-02T14:53:22.340Z,2026-09-14T09:00:03.812Z,2026-09-14T08:58:57.415Z,
TTD,Trade Desk • Robinhood Token,0x0b5fb4031cae9163db10b169ee72685f0edc8545,stock_token,18,active,verified,true,0xe10b6f6b275de231345c20d14ab812db62151b00,0xb35490d6f9163de4f80d88dc75c3516eb64c5ae2,1,1,,false,false,2025247000000000000000,,,,,,,,,uniswap_v4,,,63,6769,agree,2026-09-02T14:53:22.447Z,2026-09-14T09:00:05.017Z,2026-09-14T08:58:57.609Z,
TTWO,Take-Two Interactive Software • Robinhood Token,0x5e81213613b6b86eab4c6c50d718d34359459786,stock_token,18,active,verified,true,0xe10b6f6b275de231345c20d14ab812db62151b00,0xb35490d6f9163de4f80d88dc75c3516eb64c5ae2,1,1,,false,false,5775377000000000000000,,,,,,,,,uniswap_v4,218.62215802475123,,11310,1414784,agree,2026-09-02T14:53:22.344Z,2026-09-14T09:00:03.851Z,2026-09-14T08:58:57.255Z,
UMC,United Microelectronics • Robinhood Token,0x0e6e67ba88e7b5d9b67636a215c76779b948de79,stock_token,18,active,verified,true,0xe10b6f6b275de231345c20d14ab812db62151b00,0xb35490d6f9163de4f80d88dc75c3516eb64c5ae2,1,1,,false,false,1327494000000000000000,,,,,,,,,uniswap_v4,,,69,2216,agree,2026-09-02T14:53:22.424Z,2026-09-14T09:00:04.700Z,2026-09-14T08:58:57.497Z,
UNH,UnitedHealth • Robinhood Token,0xcf364ea52787e289de6f32077834056e3e70d6a8,stock_token,18,active,verified,true,0xe10b6f6b275de231345c20d14ab812db62151b00,0xb35490d6f9163de4f80d88dc75c3516eb64c5ae2,1.0042415010397021,1.0042415010397021,2026-09-14T02:38:41.000Z,false,false,144753000000000000000,,,,,,,,,uniswap_v4,,,88,14891,agree,2026-09-02T14:53:22.368Z,2026-09-14T09:00:04.221Z,2026-09-14T08:58:57.453Z,
UNI,Uniswap,0xf177d86a28b520e3e396e4f3b96cd8e72d7dabd8,bridged,18,active,verified,,,,,,,,,35609061254820330668283,,,,,,,,,uniswap_v4,,,45,22245,agree,2026-09-04T12:28:02.057Z,2026-09-14T04:20:44.957Z,2026-09-14T08:58:57.248Z,
UPS,UPS • Robinhood Token,0xf23250dac154d05bb671cb0d0ebef3c635c79ce2,stock_token,18,active,verified,true,0xe10b6f6b275de231345c20d14ab812db62151b00,0xb35490d6f9163de4f80d88dc75c3516eb64c5ae2,1.0022087249692058,1.0022087249692058,2026-09-04T15:10:26.000Z,false,false,3066036418800000000000,,,,,,,,,uniswap_v4,100.66644454049485,,1703,397700,agree,2026-09-02T14:53:22.348Z,2026-09-14T09:00:03.916Z,2026-09-14T08:58:57.366Z,
USAR,USA Rare Earth • Robinhood Token,0xd917b029c761d264c6a312bbbcda868658ef86a6,stock_token,18,active,verified,true,0xe10b6f6b275de231345c20d14ab812db62151b00,0xb35490d6f9163de4f80d88dc75c3516eb64c5ae2,1,1,,false,false,38155358000000000000000,0xa994d3684e8400a6c8078226925779fdee682dd9,15.24265,2026-09-14T08:33:18.000Z,false,,,,0.3797,uniswap_v4,,,19276,4770028,agree,2026-09-02T14:53:22.355Z,2026-09-14T09:00:04.017Z,2026-09-14T08:58:57.426Z,
USDC,USD Coin,0x80e0e24718dbfcad49ecaa6f1e6c89a190586ca8,bridged,6,active,verified,,,,,,,,,331536994,0x9e6f4605992a899ee2999999f3ec80c41f452546,0.99986282,2026-09-13T15:35:26.000Z,false,,,,,uniswap_v4,1.0365344927360467,,18,54,agree,2026-09-04T12:28:02.047Z,2026-09-14T04:20:44.951Z,2026-09-14T08:58:57.264Z,
USDG,Global Dollar,0x5fc5360d0400a0fd4f2af552add042d716f1d168,stablecoin,6,active,listed,,,,,,,,,711565287214830,0x61b7e5650328764b076a108eff5fa7282a1b9ad2,0.99989178,2026-09-13T15:33:37.000Z,false,,,,,,,,334190,197544562,agree,2026-09-01T20:21:40.097Z,,2026-09-14T08:58:57.238Z,
USDS,USDS Stablecoin,0x3830502883047dabc4ade46ef72e2bf9ab2d9b69,bridged,18,active,verified,,,,,,,,,2389093478832196051,0x2d88d75b625633dccd65d9d53bfdd3aea2d8e84f,0.99988135,2026-09-13T15:37:20.000Z,false,,,,,,,,1,1,agree,2026-09-04T12:28:02.051Z,2026-09-14T04:20:44.952Z,2026-09-14T08:58:57.235Z,
USDT,Tether USD,0xe246bc49b0598d7cd9f0ead48b885034f1254380,bridged,6,active,verified,,,,,,,,,2584241238,0xbf3550b6fae1671da7c238af12e03ac586bef3b1,0.99966564,2026-09-13T15:32:32.000Z,false,,,,,uniswap_v4,1,,28,155,agree,2026-09-04T12:28:02.049Z,2026-09-14T04:20:44.952Z,2026-09-14T08:58:57.231Z,
USO,United States Oil Fund • Robinhood Token,0xa30fa36db767ad9ed3f7a60fc79526fb4d56d344,stock_token,18,active,verified,true,0xe10b6f6b275de231345c20d14ab812db62151b00,0xb35490d6f9163de4f80d88dc75c3516eb64c5ae2,1,1,,false,false,12089063000000000000000,0x75a9c76ef439e2c7c2e5a34ab105ecfe3766431c,158.73405,2026-09-14T08:18:32.000Z,false,,,,-0.1107,uniswap_v4,158.9369660891645,,7542,1119373,agree,2026-09-02T14:53:22.396Z,2026-09-14T09:00:04.447Z,2026-09-14T08:58:57.581Z,
VICR,Vicor • Robinhood Token,0x6006ed4b2f94110851ff7509d97d034f0eed9226,stock_token,18,active,verified,true,0xe10b6f6b275de231345c20d14ab812db62151b00,0xb35490d6f9163de4f80d88dc75c3516eb64c5ae2,1,1,,false,false,106913000000000000000,,,,,,,,,uniswap_v4,,,27,365,agree,2026-09-02T14:53:22.345Z,2026-09-14T09:00:03.898Z,2026-09-14T08:58:57.561Z,
VRT,Vertiv • Robinhood Token,0xfa78c12e6488814a0262e4e802749a4a737d5fb7,stock_token,18,active,verified,true,0xe10b6f6b275de231345c20d14ab812db62151b00,0xb35490d6f9163de4f80d88dc75c3516eb64c5ae2,1.0001627888920521,1.0001627888920521,2026-09-14T02:38:41.000Z,false,false,115917000000000000000,,,,,,,,,uniswap_v4,,,59,4638,agree,2026-09-02T14:53:22.387Z,2026-09-14T09:00:04.384Z,2026-09-14T08:58:57.262Z,
VSAT,ViaSat • Robinhood Token,0x26dcbfb34fc83cabd6990f449674efdc6097ff85,stock_token,18,active,verified,true,0xe10b6f6b275de231345c20d14ab812db62151b00,0xb35490d6f9163de4f80d88dc75c3516eb64c5ae2,1,1,,false,false,298126000000000000000,,,,,,,,,uniswap_v4,,,34,859,agree,2026-09-02T14:53:22.439Z,2026-09-14T09:00:04.906Z,2026-09-14T08:58:57.600Z,
VST,Vistra • Robinhood Token,0x561e2a49212b7ccf47f2744ccb83e200722fadbc,stock_token,18,active,verified,true,0xe10b6f6b275de231345c20d14ab812db62151b00,0xb35490d6f9163de4f80d88dc75c3516eb64c5ae2,1,1,,false,false,185869000000000000000,,,,,,,,,uniswap_v4,,,57,4538,agree,2026-09-02T14:53:22.356Z,2026-09-14T09:00:04.016Z,2026-09-14T08:58:57.564Z,
VTI,Vanguard Morningstar Total Stock Market ETF • Robinhood Token,0x0594134df3f171a354d9c85ebd65b7a6148f6d09,stock_token,18,active,verified,true,0xe10b6f6b275de231345c20d14ab812db62151b00,0xb35490d6f9163de4f80d88dc75c3516eb64c5ae2,1,1,,false,false,49681000000000000000,,,,,,,,,uniswap_v4,,,51,1347,agree,2026-09-02T14:53:22.376Z,2026-09-14T09:00:04.295Z,2026-09-14T08:58:57.460Z,
WBTC,Wrapped BTC,0x6bac06600d220ac5ac281ad1f504d2cf0f90f6e6,bridged,8,active,verified,,,,,,,,,1227958,0x62107b0d3ada75fc1697fd342d99eed947a3aa5e,77808.73381878,2026-09-14T08:11:02.000Z,false,,,,,,,,17,92,agree,2026-09-04T12:28:02.043Z,2026-09-14T04:20:44.947Z,2026-09-14T08:58:57.259Z,
WDAY,Workday • Robinhood Token,0x82da4646242e1d962e96e932269dc644c94a9caa,stock_token,18,active,verified,true,0xe10b6f6b275de231345c20d14ab812db62151b00,0xb35490d6f9163de4f80d88dc75c3516eb64c5ae2,1,1,,false,false,438487000000000000000,,,,,,,,,uniswap_v4,,,139,40833,agree,2026-09-02T14:53:22.327Z,2026-09-14T09:00:03.650Z,2026-09-14T08:58:57.341Z,
WDC,Western Digital • Robinhood Token,0xf52597345a8edf418bc4071b4a35112472277d3e,stock_token,18,active,verified,true,0xe10b6f6b275de231345c20d14ab812db62151b00,0xb35490d6f9163de4f80d88dc75c3516eb64c5ae2,1.0002175652505239,1.0002175652505239,2026-09-08T02:34:29.000Z,false,false,262473024990000000000,,,,,,,,,uniswap_v4,,,47,1324,agree,2026-09-02T14:53:22.372Z,2026-09-14T09:00:04.250Z,2026-09-14T08:58:57.457Z,
WETH,Wrapped Ether,0x0bd7d308f8e1639fab988df18a8011f41eacad73,wrapped_native,18,active,listed,,,,,,,,,40232942348364526753990,0x78f3556b67e17df817d51ef5a990cdaf09e8d3a9,2522.18137548,2026-09-14T07:19:11.000Z,false,,,,,,,,547066,405912235,close,2026-09-01T20:21:40.108Z,,2026-09-14T08:58:57.240Z,
wstETH,Wrapped liquid staked Ether 2.0,0xcd26a6aa5bb008240a998e242f51232fe98b12cb,bridged,18,active,verified,,,,,,,,,42816256457339963,0x3f5040b50fb37934573b210fe54b53a6f1a792e8,3135.37351952,2026-09-14T07:17:38.000Z,false,,,,,uniswap_v4,1002.6062770959614,,4,7,agree,2026-09-04T12:28:02.056Z,2026-09-14T04:20:44.956Z,2026-09-14T08:58:57.245Z,
WULF,TeraWulf • Robinhood Token,0x348be1a8663f15edde5cdf8a96bb69078f7ab6fd,stock_token,18,active,verified,true,0xe10b6f6b275de231345c20d14ab812db62151b00,0xb35490d6f9163de4f80d88dc75c3516eb64c5ae2,1,1,,false,false,2140050000000000000000,,,,,,,,,uniswap_v4,16.287921872321597,,194,12932,agree,2026-09-02T14:53:22.446Z,2026-09-14T09:00:05.017Z,2026-09-14T08:58:57.608Z,
WYFI,"WhiteFiber, Inc. • Robinhood Token",0x9e7abd3c9139d14e4c86dce0e455aab7a0c2fb3e,stock_token,18,active,verified,true,0xe10b6f6b275de231345c20d14ab812db62151b00,0xb35490d6f9163de4f80d88dc75c3516eb64c5ae2,1,1,,false,false,9178000000000000000000,,,,,,,,,uniswap_v4,,,579,295838,agree,2026-09-02T14:53:22.335Z,2026-09-14T09:00:03.769Z,2026-09-14T08:58:57.337Z,
XLK,State Street Technology Select Sector SPDR ETF • Robinhood Token,0x15cd20759ce7f3285c29a319de2d1a2e098c6f43,stock_token,18,active,verified,true,0xe10b6f6b275de231345c20d14ab812db62151b00,0xb35490d6f9163de4f80d88dc75c3516eb64c5ae2,1,1,,false,false,225317000000000000000,,,,,,,,,uniswap_v4,,,77,7569,agree,2026-09-02T14:53:22.390Z,2026-09-14T09:00:04.405Z,2026-09-14T08:58:57.395Z,
XNDU,Xanadu Quantum • Robinhood Token,0xa8eb3bccbf2017ee7cbfb652eb51cf2e1b153289,stock_token,18,active,verified,true,0xe10b6f6b275de231345c20d14ab812db62151b00,0xb35490d6f9163de4f80d88dc75c3516eb64c5ae2,1,1,,false,false,2324000000000000000000,,,,,,,,,uniswap_v4,,,58,1053,agree,2026-09-02T14:53:22.440Z,2026-09-14T09:00:04.930Z,2026-09-14T08:58:57.511Z,
XOM,ExxonMobil Holdings Corporation • Robinhood Token,0xf9b46d3d1b22199d4d1025a9cedb540a33f1a2d5,stock_token,18,active,verified,true,0xe10b6f6b275de231345c20d14ab812db62151b00,0xb35490d6f9163de4f80d88dc75c3516eb64c5ae2,1.0010395637646619,1.0010395637646619,2026-09-11T15:10:30.000Z,false,false,342384000000000000000,,,,,,,,,uniswap_v4,,,3701,75937,agree,2026-09-02T14:53:22.406Z,2026-09-14T09:00:04.485Z,2026-09-14T08:58:57.404Z,
ZM,Zoom • Robinhood Token,0x44c4f142009036cf477ed2d09932051843137cf1,stock_token,18,active,verified,true,0xe10b6f6b275de231345c20d14ab812db62151b00,0xb35490d6f9163de4f80d88dc75c3516eb64c5ae2,1,1,,false,false,830423000000000000000,,,,,,,,,uniswap_v4,,,162,54767,agree,2026-09-02T14:53:22.443Z,2026-09-14T09:00:04.971Z,2026-09-14T08:58:57.528Z,
ZS,Zscaler • Robinhood Token,0x7dc013eb55e436f30d7ed1afe4e36d6e45e3c3f7,stock_token,18,active,verified,true,0xe10b6f6b275de231345c20d14ab812db62151b00,0xb35490d6f9163de4f80d88dc75c3516eb64c5ae2,1,1,,false,false,139321000000000000000,,,,,,,,,uniswap_v4,,,52,797,agree,2026-09-02T14:53:22.400Z,2026-09-14T09:00:04.464Z,2026-09-14T08:58:57.269Z,
